company_name,title,url,news_source,published_at,language,snippet,source,scraped_at
SAP,SAP bets $1.16B on 18-month-old German AI lab and says yes to NemoClaw - TechCrunch,https://news.google.com/rss/articles/CBMipwFBVV95cUxNN080alFyZGJaRXc2X0xtNF95RGpvUVdlWDJsQzA1YzA1QzFZQnc5RmoweEZmbWRLMjAydUFvRnF5LTQyQmRMay1tWFhMQkJrZEZUUENUdGN4R1J5SUVmeVZBY2dxQ19NY1duR2p1U2pqb2h2UTBUMVNpalpIWXlka2tTOFp5WFZPVFJmX0ZTZzdvTnBkWkNGUEcxRVJKU0ZXSEpUMFFKRQ?oc=5,TechCrunch,"Tue, 05 May 2026 23:50:10 GMT",en,"<a href=""https://news.google.com/rss/articles/CBMipwFBVV95cUxNN080alFyZGJaRXc2X0xtNF95RGpvUVdlWDJsQzA1YzA1QzFZQnc5RmoweEZmbWRLMjAydUFvRnF5LTQyQmRMay1tWFhMQkJrZEZUUENUdGN4R1J5SUVmeVZBY2dxQ19NY1duR2p1U2pqb2h2UTBUMVNpalpIWXlka2tTOFp5WFZPVFJmX0ZTZzdvTnBkWkNGUEcxRVJKU0ZXSEpUMFFKRQ?oc=5"" target=""_blank"">SAP bets $1.16B on 18-month-old German AI lab and says yes to NemoClaw</a>&nbsp;&nbsp;<font color=""#6f6f6f"">TechCrunch</font>",Google News RSS,2026-05-08T12:21:56+00:00
SAP,"SAP buys Dremio, Prior Labs for AI data push - CIO Dive",https://news.google.com/rss/articles/CBMicEFVX3lxTFBBYlJqajlvTDRxR2pwTC12UllkS25DX0oySks2MGJXQlJEODV1QTNPRXlQWU1WclJYdkxKQWZqTWs0RGZ0MFRXamNod0VFLWJmaGJPbDNMbmtuZzFKeFNmZ0JpSUNPOHVhelk3TkJxLXU?oc=5,CIO Dive,"Mon, 04 May 2026 20:47:45 GMT",en,"<a href=""https://news.google.com/rss/articles/CBMicEFVX3lxTFBBYlJqajlvTDRxR2pwTC12UllkS25DX0oySks2MGJXQlJEODV1QTNPRXlQWU1WclJYdkxKQWZqTWs0RGZ0MFRXamNod0VFLWJmaGJPbDNMbmtuZzFKeFNmZ0JpSUNPOHVhelk3TkJxLXU?oc=5"" target=""_blank"">SAP buys Dremio, Prior Labs for AI data push</a>&nbsp;&nbsp;<font color=""#6f6f6f"">CIO Dive</font>",Google News RSS,2026-05-08T12:21:56+00:00
SAP,SAP to Acquire Prior Labs to Establish a Globally Leading Frontier AI Lab in Europe - SAP News Center,https://news.google.com/rss/articles/CBMikgFBVV95cUxNNWRvSUptX09EaDUxbDZOOGJyMGE0TTlaUGIxQnFyTk95TDlxMjZnZlhKYnJ5SzExNkZEdkJTd2staFh0aDh0dlF5Y24yeHh5SFByMTBuUkg1S2xBOUtLdlFHSmxyS1hlNVI2Qmk4eWdtTmlnRnlRdERQMzZPMGwwbVhxRDhILXhLR0ZCT2ZDeGJuQQ?oc=5,SAP News Center,"Mon, 04 May 2026 11:10:29 GMT",en,"<a href=""https://news.google.com/rss/articles/CBMikgFBVV95cUxNNWRvSUptX09EaDUxbDZOOGJyMGE0TTlaUGIxQnFyTk95TDlxMjZnZlhKYnJ5SzExNkZEdkJTd2staFh0aDh0dlF5Y24yeHh5SFByMTBuUkg1S2xBOUtLdlFHSmxyS1hlNVI2Qmk4eWdtTmlnRnlRdERQMzZPMGwwbVhxRDhILXhLR0ZCT2ZDeGJuQQ?oc=5"" target=""_blank"">SAP to Acquire Prior Labs to Establish a Globally Leading Frontier AI Lab in Europe</a>&nbsp;&nbsp;<font color=""#6f6f6f"">SAP News Center</font>",Google News RSS,2026-05-08T12:21:56+00:00
SIEMENS,Выбор электрического духового шкафа ( часть 7 ) [ 27 ] - Конференция iXBT . com,https://forum.ixbt.com/topic.cgi?id=47:14178-27,,20260508T080000Z,Russian,,GDELT Doc API,2026-05-08T12:22:10+00:00
SIEMENS,Se cumplen 75 años del primer trolebús en Zaragoza :  Era el transporte del futuro  ,https://www.heraldo.es/noticias/ocio-y-cultura/2026/05/08/cumplen-75-anos-primer-trolebus-zaragoza-2018525.html,,20260508T054500Z,Spanish,,GDELT Doc API,2026-05-08T12:22:10+00:00
SIEMENS,从数据中挖掘真相 ： 年报季中的真实中国2026,https://www.wenxuecity.com/news/2026/05/07/126642508.html,,20260508T031500Z,Chinese,,GDELT Doc API,2026-05-08T12:22:10+00:00
ALLIANZ,Rood domineert op Europese beursvloeren,https://www.beursduivel.be/Nieuws/863576/Rood-domineert-op-Europese-beursvloeren.aspx,,20260508T113000Z,Dutch,,GDELT Doc API,2026-05-08T12:22:32+00:00
ALLIANZ,拜仁在戈登谈判中领先巴萨切尔西 ， 巴尔科拉要价1亿欧成难题,https://www.163.com/dy/article/KSDVL78E0549BAP0.html,,20260508T093000Z,Chinese,,GDELT Doc API,2026-05-08T12:22:32+00:00
ALLIANZ,Baystreet . ca - united kingdom Faces Summer Flight Disruptions as Jet Fuel Risks Mount,http://baystreet.ca/articles/commodities/120632/UK-Faces-Summer-Flight-Disruptions-as-Jet-Fuel-Risks-Mount,,20260508T071500Z,English,,GDELT Doc API,2026-05-08T12:22:32+00:00
DEUTSCHE TELEKOM,Deutsche Telekom made cloud jump from Ericsson to Mavenir in 5G - Light Reading,https://news.google.com/rss/articles/CBMipwFBVV95cUxPTTRmYjRFSEVnMWFoZ2FaS3VJbVRIU1E4eGdIRWZPRjRoOERuRzBQR0JjSXl6Z1lXa2NuVkxlUjAxZ1NkQjA2OEp3T3VFZV9sZ1F6NHRzMDk0WWNYOVBQa3VraW5mU3FOQ0Z6aHRkZ1NjaVpyeXBjX0R0Z3RQU01McjIxaFlUYU5Hbm9MM0hudlR4SEpkSURrMEdLOUNPRTVEWk9mU0RzZw?oc=5,Light Reading,"Thu, 07 May 2026 02:36:59 GMT",en,"<a href=""https://news.google.com/rss/articles/CBMipwFBVV95cUxPTTRmYjRFSEVnMWFoZ2FaS3VJbVRIU1E4eGdIRWZPRjRoOERuRzBQR0JjSXl6Z1lXa2NuVkxlUjAxZ1NkQjA2OEp3T3VFZV9sZ1F6NHRzMDk0WWNYOVBQa3VraW5mU3FOQ0Z6aHRkZ1NjaVpyeXBjX0R0Z3RQU01McjIxaFlUYU5Hbm9MM0hudlR4SEpkSURrMEdLOUNPRTVEWk9mU0RzZw?oc=5"" target=""_blank"">Deutsche Telekom made cloud jump from Ericsson to Mavenir in 5G</a>&nbsp;&nbsp;<font color=""#6f6f6f"">Light Reading</font>",Google News RSS,2026-05-08T12:22:40+00:00
DEUTSCHE TELEKOM,Explainer: How Deutsche Telecom and T-Mobile US could pull off the world's biggest M&A deal - Reuters,https://news.google.com/rss/articles/CBMiwAFBVV95cUxPQVNDcF80V1VnVmJyQ0lJNTZKVWJFTVFKV1FWZ05SQkoxQjRiQWkxYnVKOWJfWWN6bXptYXRTU0Q3NFBUWWROVDJxWHE4akxWQ2N6azBSQXlpTEtrODhyVDdMSkJYOFZrTmpLWmdfVG1PV1RIWUx0N1FCRmgzSjJ1QnBLaWxCOFpxQzlYNmlPRWVuR1FZVmtGM045SDU3TXVacTdvdHhaVmtNc1hfRFhaTUZISlZWQTNTQ0NYVjZlVms?oc=5,Reuters,"Wed, 22 Apr 2026 07:00:00 GMT",en,"<a href=""https://news.google.com/rss/articles/CBMiwAFBVV95cUxPQVNDcF80V1VnVmJyQ0lJNTZKVWJFTVFKV1FWZ05SQkoxQjRiQWkxYnVKOWJfWWN6bXptYXRTU0Q3NFBUWWROVDJxWHE4akxWQ2N6azBSQXlpTEtrODhyVDdMSkJYOFZrTmpLWmdfVG1PV1RIWUx0N1FCRmgzSjJ1QnBLaWxCOFpxQzlYNmlPRWVuR1FZVmtGM045SDU3TXVacTdvdHhaVmtNc1hfRFhaTUZISlZWQTNTQ0NYVjZlVms?oc=5"" target=""_blank"">Explainer: How Deutsche Telecom and T-Mobile US could pull off the world's biggest M&A deal</a>&nbsp;&nbsp;<font color=""#6f6f6f"">Reuters</font>",Google News RSS,2026-05-08T12:22:40+00:00
DEUTSCHE TELEKOM,Deutsche Telekom eyes full combo with T-Mobile US - Fierce Network,https://news.google.com/rss/articles/CBMilgFBVV95cUxPc1J0SWJGQ1FpcTgwTjYzZVBEVTN6Ul9GbGtzNFFSS1FtTW1seGY2LU42Q05XdEExUEc4aVhmaVpSb1RaZVhoV1dPWVhLbzdfU1N0MmJaelkyb2ItbE1OMVpqMWZLUjlweWxwNVNucHo3S3B1REsycjJCUWktQ0E4YzdNSGtSTnFYYW4zTFdfdlJMRXU0TWc?oc=5,Fierce Network,"Tue, 21 Apr 2026 07:00:00 GMT",en,"<a href=""https://news.google.com/rss/articles/CBMilgFBVV95cUxPc1J0SWJGQ1FpcTgwTjYzZVBEVTN6Ul9GbGtzNFFSS1FtTW1seGY2LU42Q05XdEExUEc4aVhmaVpSb1RaZVhoV1dPWVhLbzdfU1N0MmJaelkyb2ItbE1OMVpqMWZLUjlweWxwNVNucHo3S3B1REsycjJCUWktQ0E4YzdNSGtSTnFYYW4zTFdfdlJMRXU0TWc?oc=5"" target=""_blank"">Deutsche Telekom eyes full combo with T-Mobile US</a>&nbsp;&nbsp;<font color=""#6f6f6f"">Fierce Network</font>",Google News RSS,2026-05-08T12:22:40+00:00
SIEMENS ENERGY,"SuedLink HVDC, Germany: Connecting clean power - Siemens Energy",https://news.google.com/rss/articles/CBMijwFBVV95cUxQYlBJbTk0WHpITm9hUFFoUjlOYXVNSF81MUJoRkpnOEkzR0FFclp1amQ0N3p4WHNJaFlSbWRNanp6Y1p5UU1ZN3djZE5sNG1XR0xPdm1EOGozUzVLdWJUMXU4ZHVaLWFnRExRZXljVlNuMkstYjZha1FuTDVURE1RLUZ0c2Jpa1d0dGMwT2k4TQ?oc=5,Siemens Energy,"Thu, 30 Apr 2026 18:52:54 GMT",en,"<a href=""https://news.google.com/rss/articles/CBMijwFBVV95cUxQYlBJbTk0WHpITm9hUFFoUjlOYXVNSF81MUJoRkpnOEkzR0FFclp1amQ0N3p4WHNJaFlSbWRNanp6Y1p5UU1ZN3djZE5sNG1XR0xPdm1EOGozUzVLdWJUMXU4ZHVaLWFnRExRZXljVlNuMkstYjZha1FuTDVURE1RLUZ0c2Jpa1d0dGMwT2k4TQ?oc=5"" target=""_blank"">SuedLink HVDC, Germany: Connecting clean power</a>&nbsp;&nbsp;<font color=""#6f6f6f"">Siemens Energy</font>",Google News RSS,2026-05-08T12:22:49+00:00
SIEMENS ENERGY,"Germany's Siemens Energy to Invest EUR155 Million in Transformer Production, Service Plant in Austria - Moomoo",https://news.google.com/rss/articles/CBMi2AFBVV95cUxQTU9UMFN6TnI5ZUdRX1FQWVlIczRQVHk5aEhmTl9iMnhPTEU3WW9EY1cwQ2hKOHVubFNUYVlkazRMa2JSbmZKSGVSWkR5cmxxUWgzdENZdjBuSWlyYms1U1I4cERnOUx0dWsycnprVF9Rd0syYUpjZkMyVDJEaTJjb2JjT0NybG5UdllLaXVjRzA0Q3hIbWdJY3FucGJELWJjQ1BIcjBhWHZsclhhSE00Nmw5OFBQMV9xdGx0WmpyeDBvamRub29HZGE3UEhydHlDX0FOMl9sWm0?oc=5,Moomoo,"Mon, 04 May 2026 17:24:26 GMT",en,"<a href=""https://news.google.com/rss/articles/CBMi2AFBVV95cUxQTU9UMFN6TnI5ZUdRX1FQWVlIczRQVHk5aEhmTl9iMnhPTEU3WW9EY1cwQ2hKOHVubFNUYVlkazRMa2JSbmZKSGVSWkR5cmxxUWgzdENZdjBuSWlyYms1U1I4cERnOUx0dWsycnprVF9Rd0syYUpjZkMyVDJEaTJjb2JjT0NybG5UdllLaXVjRzA0Q3hIbWdJY3FucGJELWJjQ1BIcjBhWHZsclhhSE00Nmw5OFBQMV9xdGx0WmpyeDBvamRub29HZGE3UEhydHlDX0FOMl9sWm0?oc=5"" target=""_blank"">Germany's Siemens Energy to Invest EUR155 Million in Transformer Production, Service Plant in Austria</a>&nbsp;&nbsp;<font color=""#6f6f6f"">Moomoo</font>",Google News RSS,2026-05-08T12:22:49+00:00
SIEMENS ENERGY,Siemens Energy raises outlook as demand for power equipment soars - Reuters,https://news.google.com/rss/articles/CBMiiAFBVV95cUxQRjRkSjdvZk1wZ2JfMy1fNU5NVXg5ZWIyZDZhdE5rR3lwV01ZUGhHSkJDLVlOcGg0ekEwRU96YnB0aVpmWGpianFuQTVpd1FHRnBHcXlVOEFWUDlTQmFzbG5xVnNFb29Fc3RIdHV3WTNHTkhZUDRiZXJHblctUmt0bUVnSjl5OU80?oc=5,Reuters,"Thu, 23 Apr 2026 07:00:00 GMT",en,"<a href=""https://news.google.com/rss/articles/CBMiiAFBVV95cUxQRjRkSjdvZk1wZ2JfMy1fNU5NVXg5ZWIyZDZhdE5rR3lwV01ZUGhHSkJDLVlOcGg0ekEwRU96YnB0aVpmWGpianFuQTVpd1FHRnBHcXlVOEFWUDlTQmFzbG5xVnNFb29Fc3RIdHV3WTNHTkhZUDRiZXJHblctUmt0bUVnSjl5OU80?oc=5"" target=""_blank"">Siemens Energy raises outlook as demand for power equipment soars</a>&nbsp;&nbsp;<font color=""#6f6f6f"">Reuters</font>",Google News RSS,2026-05-08T12:22:49+00:00
AIRBUS,Airbus - Chef Walter geht zur Meyer Werft : So blickt er zurück,https://www.noz.de/lokales/papenburg/meyer-werft/artikel/airbus-chef-walter-geht-so-steht-es-um-die-werke-im-norden-50612635,,20260508T110000Z,German,,GDELT Doc API,2026-05-08T12:23:05+00:00
AIRBUS,Lufthansa to reinstate Cork Airport Frankfurt service,https://www.rte.ie/news/business/2026/0508/1572298-lufthansa-to-reinstate-cork-airports-frankfurt-service/,,20260508T104500Z,English,,GDELT Doc API,2026-05-08T12:23:05+00:00
AIRBUS,涉嫌空巴贿赂案 、 法院发新逮捕令 斯航前CEO突然毙命 | 国际,https://www.orientaldaily.com.my/news/international/2026/05/08/817183,,20260508T100000Z,Chinese,,GDELT Doc API,2026-05-08T12:23:05+00:00
RHEINMETALL,European shares fall as Iran – US tensions drive oil surge,https://news.az/news/european-shares-fall-as-iran-us-tensions-drive-oil-surge,,20260508T111500Z,English,,GDELT Doc API,2026-05-08T12:23:21+00:00
RHEINMETALL,"U . S . Futures Rise , European Stocks Slip",https://www.marketscreener.com/news/u-s-futures-rise-european-stocks-slip-ce7f5bdad08fff22,,20260508T081500Z,English,,GDELT Doc API,2026-05-08T12:23:21+00:00
RHEINMETALL,Frontline robots and killer drones : Ukraine new weapons for war with Russia – The Irish Times,https://www.irishtimes.com/world/europe/2026/05/08/drone-deals-and-frontline-robots-ukraines-new-weapons-for-war-with-russia-and-beyond/,,20260508T063000Z,English,,GDELT Doc API,2026-05-08T12:23:21+00:00
INFINEON TECHNOLOGIES,Vibheesh Bharathan of Infineon Technologies at embedded world Germany 2026 - Embedded Computing Design,https://news.google.com/rss/articles/CBMi4gFBVV95cUxQMXdYc1o5YzVqWWJvcEFROURUQmcwaThwYkR0TUVSbllfbGVRRHFDajJLazRuSmJWV1hIeDhxY2M1UW95SjdGSlZCbU40S2x5WkM5QzVKMVNPQ0ZVVmlBRlpza3Z0cDV5YmwxUVF4cHNVaEdxanB2SzE4dUtVQTVNVGpmN05RNE1oblF2WVZLRXFnUDA0eHdmWVp0UFNyM2NRanVnd250MTJDTG1BdXQ4dUQ5Qmc2Y0xtQkFxeHRoTzhVX3NPcFdPN3FpMjJweC1kUGpFZGhpcWRPazkxdnZqNkZn?oc=5,Embedded Computing Design,"Tue, 24 Mar 2026 18:23:30 GMT",en,"<a href=""https://news.google.com/rss/articles/CBMi4gFBVV95cUxQMXdYc1o5YzVqWWJvcEFROURUQmcwaThwYkR0TUVSbllfbGVRRHFDajJLazRuSmJWV1hIeDhxY2M1UW95SjdGSlZCbU40S2x5WkM5QzVKMVNPQ0ZVVmlBRlpza3Z0cDV5YmwxUVF4cHNVaEdxanB2SzE4dUtVQTVNVGpmN05RNE1oblF2WVZLRXFnUDA0eHdmWVp0UFNyM2NRanVnd250MTJDTG1BdXQ4dUQ5Qmc2Y0xtQkFxeHRoTzhVX3NPcFdPN3FpMjJweC1kUGpFZGhpcWRPazkxdnZqNkZn?oc=5"" target=""_blank"">Vibheesh Bharathan of Infineon Technologies at embedded world Germany 2026</a>&nbsp;&nbsp;<font color=""#6f6f6f"">Embedded Computing Design</font>",Google News RSS,2026-05-08T12:23:47+00:00
INFINEON TECHNOLOGIES,"Infineon upbeat on AI chips but cautious on automotive, industrials - Reuters",https://news.google.com/rss/articles/CBMiuAFBVV95cUxPTk5rN1pDZ3hLQTVjU1FWSDJTTHMzQ3hCX3dxQzhta2w3NnE0VEw2SHhFRnR5dXlINVZFSnl4Qzd6NW1FNTdOOEFzN253aE9iZXlZZlc3aTdaQWJ1aHRmQ1I4UXJDa1BuUFVPcnNHVmtuZlBWUkFKczFtQTc1UERPdnBEck5NTVhxQzNzcTZ5clBCYzdXVktFejc5ajdTVjU1WEVzMnZ1QW05dXU1R3paNk9KaTVDdVRN?oc=5,Reuters,"Tue, 11 Nov 2025 08:00:00 GMT",en,"<a href=""https://news.google.com/rss/articles/CBMiuAFBVV95cUxPTk5rN1pDZ3hLQTVjU1FWSDJTTHMzQ3hCX3dxQzhta2w3NnE0VEw2SHhFRnR5dXlINVZFSnl4Qzd6NW1FNTdOOEFzN253aE9iZXlZZlc3aTdaQWJ1aHRmQ1I4UXJDa1BuUFVPcnNHVmtuZlBWUkFKczFtQTc1UERPdnBEck5NTVhxQzNzcTZ5clBCYzdXVktFejc5ajdTVjU1WEVzMnZ1QW05dXU1R3paNk9KaTVDdVRN?oc=5"" target=""_blank"">Infineon upbeat on AI chips but cautious on automotive, industrials</a>&nbsp;&nbsp;<font color=""#6f6f6f"">Reuters</font>",Google News RSS,2026-05-08T12:23:47+00:00
INFINEON TECHNOLOGIES,Infineon Technologies: AI Upside And Automotive Tailwinds Still Underpriced (IFNNF) - Seeking Alpha,https://news.google.com/rss/articles/CBMitgFBVV95cUxOaFJWalVLVGZEb1lFQk10R0JGdTh1bkNHejZ4YmFlaUIwbGl4cEdtWFYydjlQNlhMcEdvSzVETzc1THFZbzI2aGRjZFNGWG9wakxrM1I3aWl1QUZTZUxyQUtDUktkZTBPbHRjYUlCNnVCYzl3X3FJd3V6X1h1U1lnbU4wc1lxa21YREd1dTNncTZhU2hHeTdxd21VZ05pcmxheWlRSDJUakVhX0tScmdGNjZ1clZmdw?oc=5,Seeking Alpha,"Thu, 22 Jan 2026 08:00:00 GMT",en,"<a href=""https://news.google.com/rss/articles/CBMitgFBVV95cUxOaFJWalVLVGZEb1lFQk10R0JGdTh1bkNHejZ4YmFlaUIwbGl4cEdtWFYydjlQNlhMcEdvSzVETzc1THFZbzI2aGRjZFNGWG9wakxrM1I3aWl1QUZTZUxyQUtDUktkZTBPbHRjYUlCNnVCYzl3X3FJd3V6X1h1U1lnbU4wc1lxa21YREd1dTNncTZhU2hHeTdxd21VZ05pcmxheWlRSDJUakVhX0tScmdGNjZ1clZmdw?oc=5"" target=""_blank"">Infineon Technologies: AI Upside And Automotive Tailwinds Still Underpriced (IFNNF)</a>&nbsp;&nbsp;<font color=""#6f6f6f"">Seeking Alpha</font>",Google News RSS,2026-05-08T12:23:47+00:00
DEUTSCHE BANK,"One - Two - Three : High - Momentum Stocks in Focus ! TeamViewer , RE Royalties , and PayPal Are Taking Off | 2026 - 05 - 08 | Investing News",https://stockhouse.com/opinion/contributors/2026/05/08/one-two-three-high-momentum-stocks-focus-teamviewer-re-royalties-and-paypal-are,,20260508T080000Z,English,,GDELT Doc API,2026-05-08T12:24:03+00:00
DEUTSCHE BANK,Results of Equity Raise | Company Announcement,https://www.investegate.co.uk/announcement/rns/seraphim-space-investment-trust--ssit/results-of-equity-raise/9558216,,20260508T063000Z,English,,GDELT Doc API,2026-05-08T12:24:03+00:00
DEUTSCHE BANK,EMEA Morning Briefing : U . S . and Iran Exchange Fire in Persian Gulf,https://www.marketscreener.com/news/emea-morning-briefing-u-s-and-iran-exchange-fire-in-persian-gulf-ce7f5bdade8fff21,,20260508T044500Z,English,,GDELT Doc API,2026-05-08T12:24:03+00:00
DEUTSCHE BOERSE,"DAX Rises Sharply On Earnings , U . S .- Iran Peace Deal Hopes",https://www.finanznachrichten.de/nachrichten-2026-05/68408551-dax-rises-sharply-on-earnings-u-s-iran-peace-deal-hopes-020.htm,,20260506T094500Z,English,,GDELT Doc API,2026-05-08T12:24:13+00:00
DEUTSCHE BOERSE,"Major European Markets Close On Firm Note ; BoE , ECB Hold Rates",https://www.finanznachrichten.de/nachrichten-2026-04/68364390-major-european-markets-close-on-firm-note-boe-ecb-hold-rates-020.htm,,20260430T174500Z,English,,GDELT Doc API,2026-05-08T12:24:13+00:00
DEUTSCHE BOERSE,"German Stocks Recover After Weak Start , Modestly Higher At Noon",https://www.finanznachrichten.de/nachrichten-2026-04/68357437-german-stocks-recover-after-weak-start-modestly-higher-at-noon-020.htm,,20260430T104500Z,English,,GDELT Doc API,2026-05-08T12:24:13+00:00
DEUTSCHE POST,Funky Taurus Media - Music Photo Agency & Products,https://www.funkytaurusmedia.com/shop_content.php?coID=3&XTCsid=96uec1v17me66n5jgfi29hf572,,20260508T100000Z,English,,GDELT Doc API,2026-05-08T12:24:27+00:00
DEUTSCHE POST,Funky Taurus Media - Music Photo Agency & Products,https://www.funkytaurusmedia.com/shop_content.php?coID=2&XTCsid=96uec1v17me66n5jgfi29hf572,,20260508T100000Z,English,,GDELT Doc API,2026-05-08T12:24:27+00:00
DEUTSCHE POST,Funky Taurus Media - Music Photo Agency & Products,https://www.funkytaurusmedia.com/shop_content.php?coID=2&XTCsid=rc406ok6n1lj7imul0psas4383,,20260508T093000Z,English,,GDELT Doc API,2026-05-08T12:24:27+00:00
E.ON,Plug-in solar and batteries: the innovation making home energy simpler and smarter - Eon Energy,https://news.google.com/rss/articles/CBMirwFBVV95cUxOcUtRS1NQSFkxZ2VINTI0ZUlYQVYtRVRmM0h0V1NoR0M1MFlqZDBVLUo1TkNQZVJhVzRSSnNSOGw3VV9MWnMtOWF1MXJvWFBpcFo4aEdDWTY3V3pyZnBaWkRXWUxsX1VPR2hHeklVdHBEMEZuZERkVGRJQ2dTS3JJMEJ2UmNsVlZ6ejJ1bDRjRHFhTkh6bUlfU01QQms3d1FRb1FnVGYzeWJhaXFNRkxB?oc=5,Eon Energy,"Fri, 08 May 2026 07:34:24 GMT",en,"<a href=""https://news.google.com/rss/articles/CBMirwFBVV95cUxOcUtRS1NQSFkxZ2VINTI0ZUlYQVYtRVRmM0h0V1NoR0M1MFlqZDBVLUo1TkNQZVJhVzRSSnNSOGw3VV9MWnMtOWF1MXJvWFBpcFo4aEdDWTY3V3pyZnBaWkRXWUxsX1VPR2hHeklVdHBEMEZuZERkVGRJQ2dTS3JJMEJ2UmNsVlZ6ejJ1bDRjRHFhTkh6bUlfU01QQms3d1FRb1FnVGYzeWJhaXFNRkxB?oc=5"" target=""_blank"">Plug-in solar and batteries: the innovation making home energy simpler and smarter</a>&nbsp;&nbsp;<font color=""#6f6f6f"">Eon Energy</font>",Google News RSS,2026-05-08T12:24:42+00:00
E.ON,E.ON chief urges Germany to deprioritize wind and solar for grid connections - Reuters,https://news.google.com/rss/articles/CBMiygFBVV95cUxNUFF5WldZUnpvN190bFFKa3BFeWZrdlVyZ3dSTzE5Ulh1eW1jSFlJVEVUZ3gweHp6NjdYSjJUcGpqakxsVnFNWXY1Tl9IelhVOE93NlhKdFhtZC1yaGh6S2J2M3ZmMTBfSW5FMEVhR2ozWk91ZGZhbjlWQkFnMVd2VHVnUkdGMmdveDlTZVdyY3FlLVJWdmhpSGJadDlyX0xtNlBFWUdRT2JWdWNGeWpady1mcVdicTkySGZpeHdwdlFsTjFTRWVlakVB?oc=5,Reuters,"Sun, 30 Nov 2025 08:00:00 GMT",en,"<a href=""https://news.google.com/rss/articles/CBMiygFBVV95cUxNUFF5WldZUnpvN190bFFKa3BFeWZrdlVyZ3dSTzE5Ulh1eW1jSFlJVEVUZ3gweHp6NjdYSjJUcGpqakxsVnFNWXY1Tl9IelhVOE93NlhKdFhtZC1yaGh6S2J2M3ZmMTBfSW5FMEVhR2ozWk91ZGZhbjlWQkFnMVd2VHVnUkdGMmdveDlTZVdyY3FlLVJWdmhpSGJadDlyX0xtNlBFWUdRT2JWdWNGeWpady1mcVdicTkySGZpeHdwdlFsTjFTRWVlakVB?oc=5"" target=""_blank"">E.ON chief urges Germany to deprioritize wind and solar for grid connections</a>&nbsp;&nbsp;<font color=""#6f6f6f"">Reuters</font>",Google News RSS,2026-05-08T12:24:42+00:00
E.ON,E.ON and Nokia join forces for a five-year strategic collaboration for telecommunications network modernization for distribution system operators - Nokia,https://news.google.com/rss/articles/CBMihwJBVV95cUxQdndlTm1qa1k2M1d5dDJDdXJ5bVVJd19rNEhzSmxnRHR4QnJHckxVSEdlMkUzbzNzVmxjWVEwRHlkMVFZWXNHX3dKam1sUGx5VWFOZlJYV1dOVUNVaEtHV1JwUVhWQ1Z4MEJoSHNWTnI3UU5BSmhKNTNYSFBrVkFDV294YjJtcjJTMGd5VWFEekFwT3Rqc1VDTVFnX3EtbGNFT1AtTVZMVHZ0UWxhOUNzS2dfbklCZ0k5WWtYcWdDTjlIVmVJWmpjX3R4NXRFOW4tbGpPTlRFeEg5azB4V0lKWVJNS0pOd0tBdUxBRUFSeUVCcC1hX3F2dFRCY0d1N2lwdXdLdlZpSQ?oc=5,Nokia,"Tue, 28 Oct 2025 07:00:00 GMT",en,"<a href=""https://news.google.com/rss/articles/CBMihwJBVV95cUxQdndlTm1qa1k2M1d5dDJDdXJ5bVVJd19rNEhzSmxnRHR4QnJHckxVSEdlMkUzbzNzVmxjWVEwRHlkMVFZWXNHX3dKam1sUGx5VWFOZlJYV1dOVUNVaEtHV1JwUVhWQ1Z4MEJoSHNWTnI3UU5BSmhKNTNYSFBrVkFDV294YjJtcjJTMGd5VWFEekFwT3Rqc1VDTVFnX3EtbGNFT1AtTVZMVHZ0UWxhOUNzS2dfbklCZ0k5WWtYcWdDTjlIVmVJWmpjX3R4NXRFOW4tbGpPTlRFeEg5azB4V0lKWVJNS0pOd0tBdUxBRUFSeUVCcC1hX3F2dFRCY0d1N2lwdXdLdlZpSQ?oc=5"" target=""_blank"">E.ON and Nokia join forces for a five-year strategic collaboration for telecommunications network modernization for distribution system operators</a>&nbsp;&nbsp;<font color=""#6f6f6f"">Nokia</font>",Google News RSS,2026-05-08T12:24:42+00:00
BASF,Banks Kick Off Sale of Junk Bonds Backing BASF Coatings Deal - Bloomberg.com,https://news.google.com/rss/articles/CBMisAFBVV95cUxOamEtYlYzMXNlcVZta19pRlpDXzhEa252SjNUSUxnVU1wSmU1ZFlwWmg1d0doSkdGSlVXMEg2QjRrOVVRbFdWRHVNT2JhWWk4cjVvVmdBTm9sNXZMWnNiYVFOeXZpeUVleFd6bTZ6R1NodnptQXNOam9MMFVESk1XMjFyS1M3UV9Xc0NwLWZrME4zLVFoYmNuT2F2MXFHYncyMlVjcDNUTkhzWmEtVTZUWA?oc=5,Bloomberg.com,"Mon, 04 May 2026 12:43:24 GMT",en,"<a href=""https://news.google.com/rss/articles/CBMisAFBVV95cUxOamEtYlYzMXNlcVZta19pRlpDXzhEa252SjNUSUxnVU1wSmU1ZFlwWmg1d0doSkdGSlVXMEg2QjRrOVVRbFdWRHVNT2JhWWk4cjVvVmdBTm9sNXZMWnNiYVFOeXZpeUVleFd6bTZ6R1NodnptQXNOam9MMFVESk1XMjFyS1M3UV9Xc0NwLWZrME4zLVFoYmNuT2F2MXFHYncyMlVjcDNUTkhzWmEtVTZUWA?oc=5"" target=""_blank"">Banks Kick Off Sale of Junk Bonds Backing BASF Coatings Deal</a>&nbsp;&nbsp;<font color=""#6f6f6f"">Bloomberg.com</font>",Google News RSS,2026-05-08T12:24:59+00:00
BASF,BASF SE stock (DE000BASF111): Chemical giant faces earnings pressure and restructuring focus - AD HOC NEWS,https://news.google.com/rss/articles/CBMixwFBVV95cUxNOVFOQzVKYVVMbXlfX09wSUEwcmd1dGVFcXVLSko5blVZdlVZaFVPQmFicEpxN2czNkYydXFjWkt5VHhQME9yYU5nVC1YSzJLYlVBN0FrbnpvRjd1V1VpeWRPbjluZkxwaDk3VFdPeHNCblY2bXptXzFmeFJiX3o5Q0l6b1hDaTN6SW5uU3hnN0tQb1VZSkZmYjFURW9mRVZ5TUp6U1lpN0MxSUZaZE1DS09xMmMySjNoYnpRVEhrelFqeWZjc2dN?oc=5,AD HOC NEWS,"Fri, 08 May 2026 12:11:32 GMT",en,"<a href=""https://news.google.com/rss/articles/CBMixwFBVV95cUxNOVFOQzVKYVVMbXlfX09wSUEwcmd1dGVFcXVLSko5blVZdlVZaFVPQmFicEpxN2czNkYydXFjWkt5VHhQME9yYU5nVC1YSzJLYlVBN0FrbnpvRjd1V1VpeWRPbjluZkxwaDk3VFdPeHNCblY2bXptXzFmeFJiX3o5Q0l6b1hDaTN6SW5uU3hnN0tQb1VZSkZmYjFURW9mRVZ5TUp6U1lpN0MxSUZaZE1DS09xMmMySjNoYnpRVEhrelFqeWZjc2dN?oc=5"" target=""_blank"">BASF SE stock (DE000BASF111): Chemical giant faces earnings pressure and restructuring focus</a>&nbsp;&nbsp;<font color=""#6f6f6f"">AD HOC NEWS</font>",Google News RSS,2026-05-08T12:24:59+00:00
BASF,"BASF Coatings launches new automotive OEM coatings plant in Muenster, Germany - BASF",https://news.google.com/rss/articles/CBMitgFBVV95cUxPbUllOUU1Q2xiTE1ZQ25NbGhWejU4X0lGemEtNjJqWTZleTVHTWEteUxGMnRLRUxYX2MzX1dHOWZFUFMyclpEakpBQ0c1Q1NKTG80bmNJTExIVHg4UWl2TjVYM0tYWXBCRTVOa2t6SURpM2tQZ3BoNi1MTkVNTldFcFNJbWZOUzI5RmFDemx2RndyTkdHR1dVOFRmbmVkME1hZktwNHB3T1NDOVFjbThSMnYzWWx6UQ?oc=5,BASF,"Mon, 10 Nov 2025 08:00:00 GMT",en,"<a href=""https://news.google.com/rss/articles/CBMitgFBVV95cUxPbUllOUU1Q2xiTE1ZQ25NbGhWejU4X0lGemEtNjJqWTZleTVHTWEteUxGMnRLRUxYX2MzX1dHOWZFUFMyclpEakpBQ0c1Q1NKTG80bmNJTExIVHg4UWl2TjVYM0tYWXBCRTVOa2t6SURpM2tQZ3BoNi1MTkVNTldFcFNJbWZOUzI5RmFDemx2RndyTkdHR1dVOFRmbmVkME1hZktwNHB3T1NDOVFjbThSMnYzWWx6UQ?oc=5"" target=""_blank"">BASF Coatings launches new automotive OEM coatings plant in Muenster, Germany</a>&nbsp;&nbsp;<font color=""#6f6f6f"">BASF</font>",Google News RSS,2026-05-08T12:24:59+00:00
RWE,RWE offshore wind CEO Utermöhlen to leave company - Recharge News,https://news.google.com/rss/articles/CBMipwFBVV95cUxNTlZWd3E3cmRDSWZSUnVnNGdfSkhOX2U0dUE0bnhjY1NXcG5PUG5FSGhQWUtWRjdWZXAzaTBEanlfWUFhVGFta0pMRG1GYVJQbExKeUV4YWJaMDc3ZmQ2ZGo1WUhncUV6dzBOMW1kSlZnZmM0RkhDY2RhMkxSSlpTSEpkU0NNTm96aEg1RUd3dnBUek1xOHpCeGpsb2lkSkVDeDhOUkEzcw?oc=5,Recharge News,"Tue, 05 May 2026 13:31:26 GMT",en,"<a href=""https://news.google.com/rss/articles/CBMipwFBVV95cUxNTlZWd3E3cmRDSWZSUnVnNGdfSkhOX2U0dUE0bnhjY1NXcG5PUG5FSGhQWUtWRjdWZXAzaTBEanlfWUFhVGFta0pMRG1GYVJQbExKeUV4YWJaMDc3ZmQ2ZGo1WUhncUV6dzBOMW1kSlZnZmM0RkhDY2RhMkxSSlpTSEpkU0NNTm96aEg1RUd3dnBUek1xOHpCeGpsb2lkSkVDeDhOUkEzcw?oc=5"" target=""_blank"">RWE offshore wind CEO Utermöhlen to leave company</a>&nbsp;&nbsp;<font color=""#6f6f6f"">Recharge News</font>",Google News RSS,2026-05-08T12:25:22+00:00
RWE,RWE strengthens partnerships with ADNOC and Masdar to enhance energy security in Germany and Europe - RWE,https://news.google.com/rss/articles/CBMinwFBVV95cUxOcWt6Mko5czlNenh4MXlSUk4xQXRIdTJqT2lCVVJUWVVKdDlibXgxb1BjbHdsNkxnSWV2WEZQcFNQNTZPampBS2JVbHhHZkxCcnBoSlFZcFFkTktWZUhpMW5SRzlySGc3STRmMlJEUGljOTA4MVNfcVB6WlRTb1RpTG1YaW1FY3VfamNkcU5OTTZxRHFNcjNEY1hrN0dJcHM?oc=5,RWE,"Fri, 06 Feb 2026 08:00:00 GMT",en,"<a href=""https://news.google.com/rss/articles/CBMinwFBVV95cUxOcWt6Mko5czlNenh4MXlSUk4xQXRIdTJqT2lCVVJUWVVKdDlibXgxb1BjbHdsNkxnSWV2WEZQcFNQNTZPampBS2JVbHhHZkxCcnBoSlFZcFFkTktWZUhpMW5SRzlySGc3STRmMlJEUGljOTA4MVNfcVB6WlRTb1RpTG1YaW1FY3VfamNkcU5OTTZxRHFNcjNEY1hrN0dJcHM?oc=5"" target=""_blank"">RWE strengthens partnerships with ADNOC and Masdar to enhance energy security in Germany and Europe</a>&nbsp;&nbsp;<font color=""#6f6f6f"">RWE</font>",Google News RSS,2026-05-08T12:25:22+00:00
RWE,"Utermöhlen Leaving RWE, Current CTO to Take Offshore Wind Helm - offshoreWIND.biz",https://news.google.com/rss/articles/CBMipAFBVV95cUxOU3hvNU9weEdrOGxlT2xRY2NXc05YWTJiWDhITWJ4SmVnU2ViYkxReW5vWkplWXQ4UE05VDNVSUdZdlNOZ243LVlFN2E1MHhvM3BtQ0x6NkxJM244Q2NkUGk5S0xHTExNTDRNSnNxOUlManR0N0hzUGpVN1dGc2J6T3M1WGhkZENIQ3VZQWg3ZVMtdDhmdkl6d1VxZy1oMlRSQ3BmVg?oc=5,offshoreWIND.biz,"Wed, 06 May 2026 09:05:23 GMT",en,"<a href=""https://news.google.com/rss/articles/CBMipAFBVV95cUxOU3hvNU9weEdrOGxlT2xRY2NXc05YWTJiWDhITWJ4SmVnU2ViYkxReW5vWkplWXQ4UE05VDNVSUdZdlNOZ243LVlFN2E1MHhvM3BtQ0x6NkxJM244Q2NkUGk5S0xHTExNTDRNSnNxOUlManR0N0hzUGpVN1dGc2J6T3M1WGhkZENIQ3VZQWg3ZVMtdDhmdkl6d1VxZy1oMlRSQ3BmVg?oc=5"" target=""_blank"">Utermöhlen Leaving RWE, Current CTO to Take Offshore Wind Helm</a>&nbsp;&nbsp;<font color=""#6f6f6f"">offshoreWIND.biz</font>",Google News RSS,2026-05-08T12:25:22+00:00
BAYER,Bayer to acquire Perfuse Therapeutics to complement ophthalmology pipeline - Bayer,https://news.google.com/rss/articles/CBMirgFBVV95cUxQa2U2QTlPSFBySlB4d29HYXB1LTVwdlhmcDNBcUloY0RHOUh6WHRBN3dMc0VBdGZJZ0wzNXlQWFJ4djVCS3pJY3ZjUVVaNzFKeWtGQTFvdnhpZE5JemYwZE5uWDJQYU5vQU5EX3czczN4Ynd2TFlCM0RyYUhBeGRzMHg3X2czZXYtZTc0ZW13YnJNT3ZVcWFCeHNuYXlJNTFnaXlsRWRxNTRCVk00X3c?oc=5,Bayer,"Wed, 06 May 2026 06:30:01 GMT",en,"<a href=""https://news.google.com/rss/articles/CBMirgFBVV95cUxQa2U2QTlPSFBySlB4d29HYXB1LTVwdlhmcDNBcUloY0RHOUh6WHRBN3dMc0VBdGZJZ0wzNXlQWFJ4djVCS3pJY3ZjUVVaNzFKeWtGQTFvdnhpZE5JemYwZE5uWDJQYU5vQU5EX3czczN4Ynd2TFlCM0RyYUhBeGRzMHg3X2czZXYtZTc0ZW13YnJNT3ZVcWFCeHNuYXlJNTFnaXlsRWRxNTRCVk00X3c?oc=5"" target=""_blank"">Bayer to acquire Perfuse Therapeutics to complement ophthalmology pipeline</a>&nbsp;&nbsp;<font color=""#6f6f6f"">Bayer</font>",Google News RSS,2026-05-08T12:25:32+00:00
BAYER,Bayer shares slide after U.S. Supreme Court split over Bayer's fight against Roundup lawsuits - Reuters,https://news.google.com/rss/articles/CBMixAFBVV95cUxQY2J2V01NbUd5LXMxLU5WWHNYdDdyYjFkTWNqbXB6V2VBZ0hxQ1VtMWZESUd5LVc1X1lhb2RCZ1dEdkZvaDZ3TlJvbHJtclA2YkFacEZmSUM3Rkd0VGM4Y2tRakk2NjV4Skx1dk5Qa3dwUUwtSmo1YTVIYTEyUTdFNjlZLUJrSWtNbFFERV9wdFpMdkxOZjVWeC1kcjlQanc2eC1sbHlfZTkxYkVaLWcwaDFFVUtNd3VOQkJMUFlIWlN2c3ZO?oc=5,Reuters,"Tue, 28 Apr 2026 07:00:00 GMT",en,"<a href=""https://news.google.com/rss/articles/CBMixAFBVV95cUxQY2J2V01NbUd5LXMxLU5WWHNYdDdyYjFkTWNqbXB6V2VBZ0hxQ1VtMWZESUd5LVc1X1lhb2RCZ1dEdkZvaDZ3TlJvbHJtclA2YkFacEZmSUM3Rkd0VGM4Y2tRakk2NjV4Skx1dk5Qa3dwUUwtSmo1YTVIYTEyUTdFNjlZLUJrSWtNbFFERV9wdFpMdkxOZjVWeC1kcjlQanc2eC1sbHlfZTkxYkVaLWcwaDFFVUtNd3VOQkJMUFlIWlN2c3ZO?oc=5"" target=""_blank"">Bayer shares slide after U.S. Supreme Court split over Bayer's fight against Roundup lawsuits</a>&nbsp;&nbsp;<font color=""#6f6f6f"">Reuters</font>",Google News RSS,2026-05-08T12:25:32+00:00
BAYER,"Stuttgart vs Bayer Leverkusen prediction, preview & betting tips – 09/05/26 - Football Whispers",https://news.google.com/rss/articles/CBMilwFBVV95cUxQc2l6MWtOU1lvN3Zpa1l1SnMycUhJU1J0ZVBhVERMdXNuWXZKd24xNTlxQkNfdHpzb05uZ1hwREgxbDNOR01fSUw2UE9qM3ZZTC11SGJyZGJ3Q2ZVYXFIVHBnbGtkc2U0aF9QeFVPMTBkX0JIbDMya3VhNXdmblNpd2lIMFhBdU5OZnh1RFhtMGw1SG1ZWFM4?oc=5,Football Whispers,"Fri, 08 May 2026 12:11:35 GMT",en,"<a href=""https://news.google.com/rss/articles/CBMilwFBVV95cUxQc2l6MWtOU1lvN3Zpa1l1SnMycUhJU1J0ZVBhVERMdXNuWXZKd24xNTlxQkNfdHpzb05uZ1hwREgxbDNOR01fSUw2UE9qM3ZZTC11SGJyZGJ3Q2ZVYXFIVHBnbGtkc2U0aF9QeFVPMTBkX0JIbDMya3VhNXdmblNpd2lIMFhBdU5OZnh1RFhtMGw1SG1ZWFM4?oc=5"" target=""_blank"">Stuttgart vs Bayer Leverkusen prediction, preview & betting tips – 09/05/26</a>&nbsp;&nbsp;<font color=""#6f6f6f"">Football Whispers</font>",Google News RSS,2026-05-08T12:25:32+00:00
MERCEDES-BENZ GROUP,Mercedes - Benz Has Grand Plans for Its Vans,https://www.newsweek.com/mercedes-benz-has-grand-plans-for-its-vans-11916942,,20260506T120000Z,English,,GDELT Doc API,2026-05-08T12:25:45+00:00
MERCEDES-BENZ GROUP,跨国车企拥抱中国技术 ， 汽车市场  反向合资  潮涌 - 国内动态,https://news.voc.com.cn/news/202605/32586165.html,,20260505T031500Z,Chinese,,GDELT Doc API,2026-05-08T12:25:45+00:00
MERCEDES-BENZ GROUP,大溜背轿跑颜值是精髓 ， 推荐一步到位选高配 ， 这车购车手册 | BitAuto,https://k.sina.com.cn/article_7857141524_1d45277140190267wo.html,,20260505T000000Z,Chinese,,GDELT Doc API,2026-05-08T12:25:45+00:00
ADIDAS,Adidas Germany Farewell/Third Kit: Do These Concepts Beat the Official Design? - Footy Headlines,https://news.google.com/rss/articles/CBMiwgFBVV95cUxNZ1RDQ1FzZVhIRDdhSW9CYkxTeWplTnNSaFB4eURBY2ZsVE1rUzN3YS1ZUlJrR3cydEZ0cXJRNmZQYlg4Qm5TS0xNRkY5Z3RoYldVaEpEQjBiaFRHMndHenh2Rk53LXJ5WXBINTdEQW95QndhSE13NUY4OXdIMWR0a3p2UExDV0dYaHpENlhXalcyYXVjNEt0VjQ0ZElYb2lEY0Fnek5RSWo3Y2hFMzdCQk1CbllmMG1Zenp0RmdVVnhiZw?oc=5,Footy Headlines,"Thu, 07 May 2026 00:02:00 GMT",en,"<a href=""https://news.google.com/rss/articles/CBMiwgFBVV95cUxNZ1RDQ1FzZVhIRDdhSW9CYkxTeWplTnNSaFB4eURBY2ZsVE1rUzN3YS1ZUlJrR3cydEZ0cXJRNmZQYlg4Qm5TS0xNRkY5Z3RoYldVaEpEQjBiaFRHMndHenh2Rk53LXJ5WXBINTdEQW95QndhSE13NUY4OXdIMWR0a3p2UExDV0dYaHpENlhXalcyYXVjNEt0VjQ0ZElYb2lEY0Fnek5RSWo3Y2hFMzdCQk1CbllmMG1Zenp0RmdVVnhiZw?oc=5"" target=""_blank"">Adidas Germany Farewell/Third Kit: Do These Concepts Beat the Official Design?</a>&nbsp;&nbsp;<font color=""#6f6f6f"">Footy Headlines</font>",Google News RSS,2026-05-08T12:26:08+00:00
ADIDAS,Adidas Originals Germany Jacket - Jomo Kenyatta University of Agriculture and Technology,https://news.google.com/rss/articles/CBMimwFBVV95cUxNV3VPdHRJWmNkOVhvanQ5cVU3QUlhR1AxQXFCbkx3RXZMWklDckV0dkVuTHJBSWZuWUdSTlFUd01BcFh1NFZPblZTOS1LTTN4UjEyaFdaOGNWUEd0Y01ISTRtOHdINEtoRWZ1OGhfT2VRNmo4VjAtTmVsRE5GZXdPNDI3OXhaS1VKbXNXck1NUVFJNC1WLTRrWGxydw?oc=5,Jomo Kenyatta University of Agriculture and Technology,"Thu, 07 May 2026 13:04:03 GMT",en,"<a href=""https://news.google.com/rss/articles/CBMimwFBVV95cUxNV3VPdHRJWmNkOVhvanQ5cVU3QUlhR1AxQXFCbkx3RXZMWklDckV0dkVuTHJBSWZuWUdSTlFUd01BcFh1NFZPblZTOS1LTTN4UjEyaFdaOGNWUEd0Y01ISTRtOHdINEtoRWZ1OGhfT2VRNmo4VjAtTmVsRE5GZXdPNDI3OXhaS1VKbXNXck1NUVFJNC1WLTRrWGxydw?oc=5"" target=""_blank"">Adidas Originals Germany Jacket</a>&nbsp;&nbsp;<font color=""#6f6f6f"">Jomo Kenyatta University of Agriculture and Technology</font>",Google News RSS,2026-05-08T12:26:08+00:00
ADIDAS,"German football agrees €100m Adidas investment: What impact will it have, and does it make sense? - The Athletic - nytimes.com",https://news.google.com/rss/articles/CBMipAFBVV95cUxQRTdqUHg1UlA2VGJQMU42bVpJNlN4aXQwOFgxLVlMLUZ2U1RhdUtaaTlCODk4dElQQTBLc1ZpT1NxaDhNVWpfemgwTm5RN3o4Unp1VGlBckd6NkhJU0NXMHZxYWpVS0ZrSVV2ZEllLUlrTS1CRTJkT0s3SWFrUEhvYXg1ZXZ2R0dNU0p2R0Y2ZkZJOE9PV3FtMVZmVDkzbno1d1VubA?oc=5,nytimes.com,"Tue, 28 Apr 2026 07:00:00 GMT",en,"<a href=""https://news.google.com/rss/articles/CBMipAFBVV95cUxQRTdqUHg1UlA2VGJQMU42bVpJNlN4aXQwOFgxLVlMLUZ2U1RhdUtaaTlCODk4dElQQTBLc1ZpT1NxaDhNVWpfemgwTm5RN3o4Unp1VGlBckd6NkhJU0NXMHZxYWpVS0ZrSVV2ZEllLUlrTS1CRTJkT0s3SWFrUEhvYXg1ZXZ2R0dNU0p2R0Y2ZkZJOE9PV3FtMVZmVDkzbno1d1VubA?oc=5"" target=""_blank"">German football agrees €100m Adidas investment: What impact will it have, and does it make sense? - The Athletic</a>&nbsp;&nbsp;<font color=""#6f6f6f"">nytimes.com</font>",Google News RSS,2026-05-08T12:26:08+00:00
HEIDELBERG MATERIALS,Heidelberg Materials Autonomous Heavy Mobile Equipment Expansion 2026 - News and Statistics - IndexBox,https://news.google.com/rss/articles/CBMisAFBVV95cUxNcFNpelpNeWtCTVJ1Tk5LMVcyU2RxNlNEb1NNZTFqaW9ES2JaNDU3NlVscGo1czNFYTlmeVhsN0ppZ0hBWkhYU09yRk5YcnM0VnZHQkRqOC1SVXF5VFpfY2JDTlUwRjlnaTUzZGVRZlJRVEZfcm9ndkxRN2dkYjBjSGtvV0k4alZnbS02Q2dIN0ItelFzdzE0bnlJcjZZaG1tSE5URmlYdFB1V0hrcHpYTA?oc=5,IndexBox,"Fri, 08 May 2026 00:00:00 GMT",en,"<a href=""https://news.google.com/rss/articles/CBMisAFBVV95cUxNcFNpelpNeWtCTVJ1Tk5LMVcyU2RxNlNEb1NNZTFqaW9ES2JaNDU3NlVscGo1czNFYTlmeVhsN0ppZ0hBWkhYU09yRk5YcnM0VnZHQkRqOC1SVXF5VFpfY2JDTlUwRjlnaTUzZGVRZlJRVEZfcm9ndkxRN2dkYjBjSGtvV0k4alZnbS02Q2dIN0ItelFzdzE0bnlJcjZZaG1tSE5URmlYdFB1V0hrcHpYTA?oc=5"" target=""_blank"">Heidelberg Materials Autonomous Heavy Mobile Equipment Expansion 2026 - News and Statistics</a>&nbsp;&nbsp;<font color=""#6f6f6f"">IndexBox</font>",Google News RSS,2026-05-08T12:26:31+00:00
HEIDELBERG MATERIALS,Market Chatter: Germany's Heidelberg Materials Said to Mull Acquisition of South Africa's PPC - Moomoo,https://news.google.com/rss/articles/CBMisgFBVV95cUxOY1FrZVViNjhoTzlVSVBuYVNpZWdVNWs4Y3d4VFhuSmNMYlVJbFNoSTA5NThRcU11RWl4RGVKRXJlUEJKaUdYTkRFS3ZlbFBvY0p4OTNFTDljSy1mSUpESWNha25WYzVENVN1ZWlGY3YzNjc2Y2l0YTRzRFlUNEF3RGFKY3hLR1NadGN5SHFUczE0anNCal9Cb3RxRVhZMlZCSTJUMFBLZWdibnN5NnBoUkR3?oc=5,Moomoo,"Tue, 05 May 2026 13:50:34 GMT",en,"<a href=""https://news.google.com/rss/articles/CBMisgFBVV95cUxOY1FrZVViNjhoTzlVSVBuYVNpZWdVNWs4Y3d4VFhuSmNMYlVJbFNoSTA5NThRcU11RWl4RGVKRXJlUEJKaUdYTkRFS3ZlbFBvY0p4OTNFTDljSy1mSUpESWNha25WYzVENVN1ZWlGY3YzNjc2Y2l0YTRzRFlUNEF3RGFKY3hLR1NadGN5SHFUczE0anNCal9Cb3RxRVhZMlZCSTJUMFBLZWdibnN5NnBoUkR3?oc=5"" target=""_blank"">Market Chatter: Germany's Heidelberg Materials Said to Mull Acquisition of South Africa's PPC</a>&nbsp;&nbsp;<font color=""#6f6f6f"">Moomoo</font>",Google News RSS,2026-05-08T12:26:31+00:00
HEIDELBERG MATERIALS,Heidelberg Materials to close cement plant in Germany - Construction & Demolition Recycling,https://news.google.com/rss/articles/CBMijwFBVV95cUxPSm0yM1FPRGNmbWhIemNZYkJ5SVVuZFFHYVU5WXFRVlRvRzgzaWZHdmJzN2dBbEhyNWh6Q3RCc2ZhblEtNWNzU09kQk5ST2NhOWt1a3g3Ui1tenN6UUd2eUl2UUMtekhTWThCME1BY1FmNnFKQWNWSHpvMzJTRDlndzBqT3V5LTFjOHQ3eEFMQQ?oc=5,Construction & Demolition Recycling,"Wed, 01 Apr 2026 07:00:00 GMT",en,"<a href=""https://news.google.com/rss/articles/CBMijwFBVV95cUxPSm0yM1FPRGNmbWhIemNZYkJ5SVVuZFFHYVU5WXFRVlRvRzgzaWZHdmJzN2dBbEhyNWh6Q3RCc2ZhblEtNWNzU09kQk5ST2NhOWt1a3g3Ui1tenN6UUd2eUl2UUMtekhTWThCME1BY1FmNnFKQWNWSHpvMzJTRDlndzBqT3V5LTFjOHQ3eEFMQQ?oc=5"" target=""_blank"">Heidelberg Materials to close cement plant in Germany</a>&nbsp;&nbsp;<font color=""#6f6f6f"">Construction & Demolition Recycling</font>",Google News RSS,2026-05-08T12:26:31+00:00
DAIMLER TRUCK,European Markets Finish Under Water On Thursday,https://www.finanznachrichten.de/nachrichten-2026-05/68430497-european-markets-finish-under-water-on-thursday-020.htm,,20260507T181500Z,English,,GDELT Doc API,2026-05-08T12:26:48+00:00
DAIMLER TRUCK,European Markets Finish Under Water On Thursday,https://www.finanzen.ch/nachrichten/aktien/european-markets-finish-under-water-on-thursday-1036122294,,20260507T180000Z,English,,GDELT Doc API,2026-05-08T12:26:48+00:00
DAIMLER TRUCK,DAX Slips As Markets Wait For Clarity On U . S .- Iran Peace Deal,https://www.finanznachrichten.de/nachrichten-2026-05/68425198-dax-slips-as-markets-wait-for-clarity-on-u-s-iran-peace-deal-020.htm,,20260507T114500Z,English,,GDELT Doc API,2026-05-08T12:26:48+00:00
BMW,BMW Group Hits 2 Million EVs Produced Globally - Mexico Business News,https://news.google.com/rss/articles/CBMilAFBVV95cUxNaDltOGQzWHY0T2ZSUFVOeDQ5V2l1U1hVcDdxTVFIbkU0cEgzUzZ6bFg4WlNBb2RDM1dZU19lUU9TNkxYSnZiTmsyRjZnUnBkLXdHVzNQeVZQQklVSjZYeEUzR0Y5TTljYVEtYzZCbkdOcVFpSkFDSDVrQXVELXZ3MjNOVEowYTJLYkVxUnJtNjRMUF9T?oc=5,Mexico Business News,"Thu, 07 May 2026 21:59:29 GMT",en,"<a href=""https://news.google.com/rss/articles/CBMilAFBVV95cUxNaDltOGQzWHY0T2ZSUFVOeDQ5V2l1U1hVcDdxTVFIbkU0cEgzUzZ6bFg4WlNBb2RDM1dZU19lUU9TNkxYSnZiTmsyRjZnUnBkLXdHVzNQeVZQQklVSjZYeEUzR0Y5TTljYVEtYzZCbkdOcVFpSkFDSDVrQXVELXZ3MjNOVEowYTJLYkVxUnJtNjRMUF9T?oc=5"" target=""_blank"">BMW Group Hits 2 Million EVs Produced Globally</a>&nbsp;&nbsp;<font color=""#6f6f6f"">Mexico Business News</font>",Google News RSS,2026-05-08T12:27:14+00:00
BMW,BMW Group produces its two-millionth all-electric vehicle - BMW Group,https://news.google.com/rss/articles/CBMizgFBVV95cUxOTjNqX2lxakVlMVVHRHpNNGxIUy13R21CYWpwNmJIN0EyRFBzVzYwMWxFWWg2aEc2bEZsN05pTTVyNXk1N1oxZEFvOTgzM3JYVzZsMnVFVW1weDFQc0Zrb1Z1R3hPNkJXNWZSLU1PNXlKU3BDNDRWdW50Vzg4M1JHdUVjclRoNVUxXzhTc2N1a2wtSkFZWFhJMUc3OU83NGtpWHlqUGFjZF9mal9UdGlOVjRzTWJEZnR5ajhtamtjX2JQdDVaZVBfbUhGQXJQZw?oc=5,BMW Group,"Tue, 05 May 2026 07:00:00 GMT",en,"<a href=""https://news.google.com/rss/articles/CBMizgFBVV95cUxOTjNqX2lxakVlMVVHRHpNNGxIUy13R21CYWpwNmJIN0EyRFBzVzYwMWxFWWg2aEc2bEZsN05pTTVyNXk1N1oxZEFvOTgzM3JYVzZsMnVFVW1weDFQc0Zrb1Z1R3hPNkJXNWZSLU1PNXlKU3BDNDRWdW50Vzg4M1JHdUVjclRoNVUxXzhTc2N1a2wtSkFZWFhJMUc3OU83NGtpWHlqUGFjZF9mal9UdGlOVjRzTWJEZnR5ajhtamtjX2JQdDVaZVBfbUhGQXJQZw?oc=5"" target=""_blank"">BMW Group produces its two-millionth all-electric vehicle</a>&nbsp;&nbsp;<font color=""#6f6f6f"">BMW Group</font>",Google News RSS,2026-05-08T12:27:14+00:00
BMW,BMW CEO has blunt new message on Trump’s tariff threat - thestreet.com,https://news.google.com/rss/articles/CBMilAFBVV95cUxQYktudlFKVWRLY1NWTzY1MGJjRTdXUTNJcS11VDNMQ2dsWTI5eFA3M2pCWjBRbXJPQ2xYMXliaE15dE5qWXFIaDVUVHFsdFFrQWEwaWZfTjNFZ0VETEJfRVdKR2tXR2NlR0tQdGU0V0tFRUhLWEh3X3dreG1pY2x6cWloY1lvb2ZFeE9xanlmT3VMaHJf?oc=5,thestreet.com,"Thu, 07 May 2026 18:33:00 GMT",en,"<a href=""https://news.google.com/rss/articles/CBMilAFBVV95cUxQYktudlFKVWRLY1NWTzY1MGJjRTdXUTNJcS11VDNMQ2dsWTI5eFA3M2pCWjBRbXJPQ2xYMXliaE15dE5qWXFIaDVUVHFsdFFrQWEwaWZfTjNFZ0VETEJfRVdKR2tXR2NlR0tQdGU0V0tFRUhLWEh3X3dreG1pY2x6cWloY1lvb2ZFeE9xanlmT3VMaHJf?oc=5"" target=""_blank"">BMW CEO has blunt new message on Trump’s tariff threat</a>&nbsp;&nbsp;<font color=""#6f6f6f"">thestreet.com</font>",Google News RSS,2026-05-08T12:27:14+00:00
COMMERZBANK,Alman bankacılık devi 3 bin çalışanını işten çıkarıyor,https://www.sozcu.com.tr/alman-bankacilik-devi-3-bin-calisanini-isten-cikariyor-p317908,,20260508T113000Z,Turkish,,GDELT Doc API,2026-05-08T12:27:28+00:00
COMMERZBANK,European shares fall as Iran – US tensions drive oil surge,https://news.az/news/european-shares-fall-as-iran-us-tensions-drive-oil-surge,,20260508T111500Z,English,,GDELT Doc API,2026-05-08T12:27:28+00:00
COMMERZBANK,Alman Commerzbank devralma girişimine karşı 3 bin kişilik istihdam kesintisi planlıyor,https://www.haberler.com/ekonomi/alman-commerzbank-devralma-girisimine-karsi-3-bin-19827670-haberi/,,20260508T111500Z,Turkish,,GDELT Doc API,2026-05-08T12:27:28+00:00
FRESENIUS,New Book Asks the Questions About AI That Most People Are Still,https://www.openpr.com/news/4505442/new-book-asks-the-questions-about-ai-that-most-people-are-still,,20260508T113000Z,English,,GDELT Doc API,2026-05-08T12:27:43+00:00
FRESENIUS,Weibliche DAX - Aufsichtsräte nur halb so lang im Amt wie Männer,https://www.mittelstandcafe.de/weibliche-dax-aufsichtsr-te-nur-halb-so-lang-im-amt-wie-m-nner-2249935.html,,20260508T083000Z,German,,GDELT Doc API,2026-05-08T12:27:43+00:00
FRESENIUS,Weibliche DAX - Aufsichtsräte nur halb so lang im Amt wie Männer,https://www.presseportal.de/pm/67171/6271097,,20260508T064500Z,German,,GDELT Doc API,2026-05-08T12:27:43+00:00
MTU AERO ENGINES,European Markets Rally On Middle East Optimism,https://www.rttnews.com/3648210/european-markets-rally-on-middle-east-optimism.aspx,,20260506T200000Z,English,,GDELT Doc API,2026-05-08T12:28:25+00:00
MTU AERO ENGINES,European Markets Rally On Middle East Optimism,https://www.rttnews.com/story.aspx?Id=3648210,,20260506T191500Z,English,,GDELT Doc API,2026-05-08T12:28:25+00:00
MTU AERO ENGINES,European Markets Rally On Middle East Optimism,https://www.finanznachrichten.de/nachrichten-2026-05/68415789-european-markets-rally-on-middle-east-optimism-020.htm,,20260506T183000Z,English,,GDELT Doc API,2026-05-08T12:28:25+00:00
HANNOVER RUECK,DAX Soars Nearly 5 % As Stocks Rally On U . S .- Iran Ceasefire News,https://www.finanznachrichten.de/nachrichten-2026-04/68145569-dax-soars-nearly-5-as-stocks-rally-on-u-s-iran-ceasefire-news-020.htm,,20260408T104500Z,English,,GDELT Doc API,2026-05-08T12:28:49+00:00
HANNOVER RUECK,European Stocks Close Lower For 3rd Straight Session On Middle East War Concerns,https://www.finanznachrichten.de/nachrichten-2026-03/67941549-european-stocks-close-lower-for-3rd-straight-session-on-middle-east-war-concerns-020.htm,,20260313T183000Z,English,,GDELT Doc API,2026-05-08T12:28:49+00:00
HANNOVER RUECK,DAX Rises 2 . 3 % As Oil Prices Fall Sharply,https://www.finanznachrichten.de/nachrichten-2026-03/67900195-dax-rises-2-3-as-oil-prices-fall-sharply-020.htm,,20260310T110000Z,English,,GDELT Doc API,2026-05-08T12:28:49+00:00
Vonovia SE,Vonovia SE (VONOY) Reports Q1 Earnings with Revenue Growth - GuruFocus,https://news.google.com/rss/articles/CBMiqwFBVV95cUxPSHRQbVJwcmVLRXg5TUs5Z1dzRUpoV2ZadTBsdHdiaGNkbHJ1RTJvYUxEZWduR083c0NGOUZ3bk9leWdqOUpyUldEblV3aktZTWU0Y1BnOEpCN3I5VDVYMDNidVduSVNDRFFUd0R3a1RjX0N0SlJZRjVieUhsZGwyTE9fU0xtT0V2dlhJS3hMeVhFekF0NWpJMmtCVHlTNlprV08xVGJ4MUhFeVE?oc=5,GuruFocus,"Fri, 08 May 2026 02:15:00 GMT",en,"<a href=""https://news.google.com/rss/articles/CBMiqwFBVV95cUxPSHRQbVJwcmVLRXg5TUs5Z1dzRUpoV2ZadTBsdHdiaGNkbHJ1RTJvYUxEZWduR083c0NGOUZ3bk9leWdqOUpyUldEblV3aktZTWU0Y1BnOEpCN3I5VDVYMDNidVduSVNDRFFUd0R3a1RjX0N0SlJZRjVieUhsZGwyTE9fU0xtT0V2dlhJS3hMeVhFekF0NWpJMmtCVHlTNlprV08xVGJ4MUhFeVE?oc=5"" target=""_blank"">Vonovia SE (VONOY) Reports Q1 Earnings with Revenue Growth</a>&nbsp;&nbsp;<font color=""#6f6f6f"">GuruFocus</font>",Google News RSS,2026-05-08T12:29:02+00:00
Vonovia SE,Vonovia SE stock (DE000A1ML7J1): German housing giant faces headwinds and restructuring moves in 202 - AD HOC NEWS,https://news.google.com/rss/articles/CBMiyAFBVV95cUxQLUZETGh0WWdETFRTTHlXNkxKVndPRWJva3RUZ1BkMi1VLVVta2ZFckRsa1NIeUtxT1dLcWFoVEVJc3gzTDVfUG1PWURMbWx5cjRZXzU4R29aWVlubjltRU0weTBKMnpTOHl5TXlxQWlGMXJsZ0Q1RXRHaFZfNk8tbU5Wb2NBS1haUi1laHVVRTk1c0t4YmlWRUwyNmM3d0Q4TzZPc25ybzl3ZUpieXJWdWpHaGMxRWJWV2NDZ0Vna0hxNnloLU5aZA?oc=5,AD HOC NEWS,"Fri, 08 May 2026 11:06:50 GMT",en,"<a href=""https://news.google.com/rss/articles/CBMiyAFBVV95cUxQLUZETGh0WWdETFRTTHlXNkxKVndPRWJva3RUZ1BkMi1VLVVta2ZFckRsa1NIeUtxT1dLcWFoVEVJc3gzTDVfUG1PWURMbWx5cjRZXzU4R29aWVlubjltRU0weTBKMnpTOHl5TXlxQWlGMXJsZ0Q1RXRHaFZfNk8tbU5Wb2NBS1haUi1laHVVRTk1c0t4YmlWRUwyNmM3d0Q4TzZPc25ybzl3ZUpieXJWdWpHaGMxRWJWV2NDZ0Vna0hxNnloLU5aZA?oc=5"" target=""_blank"">Vonovia SE stock (DE000A1ML7J1): German housing giant faces headwinds and restructuring moves in 202</a>&nbsp;&nbsp;<font color=""#6f6f6f"">AD HOC NEWS</font>",Google News RSS,2026-05-08T12:29:02+00:00
Vonovia SE,Vonovia: An Off-The-Radar Income Play - Seeking Alpha,https://news.google.com/rss/articles/CBMigwFBVV95cUxOWmdIa3VteElEd016ekpTX2ljcFFzc19BR0xqY1BtcmVybThwdzRXbkkzN19kN0lWOGhWOS10MEZPV1ZwQ0MxcVhzd2NRMkRVSXp4ME02TE1LcGtlOEptbDQwMWJIUmZ1UkhQc09qQkcydkxibVd2QllVSzBFR3ZRXzVIVQ?oc=5,Seeking Alpha,"Tue, 30 Sep 2025 07:00:00 GMT",en,"<a href=""https://news.google.com/rss/articles/CBMigwFBVV95cUxOWmdIa3VteElEd016ekpTX2ljcFFzc19BR0xqY1BtcmVybThwdzRXbkkzN19kN0lWOGhWOS10MEZPV1ZwQ0MxcVhzd2NRMkRVSXp4ME02TE1LcGtlOEptbDQwMWJIUmZ1UkhQc09qQkcydkxibVd2QllVSzBFR3ZRXzVIVQ?oc=5"" target=""_blank"">Vonovia: An Off-The-Radar Income Play</a>&nbsp;&nbsp;<font color=""#6f6f6f"">Seeking Alpha</font>",Google News RSS,2026-05-08T12:29:02+00:00
SIEMENS HEALTHINEERS,European shares pull back as Middle East peace prospects assessed,https://www.businesstimes.com.sg/companies-markets/capital-markets-currencies/european-shares-pull-back-middle-east-peace-prospects-assessed,,20260507T230000Z,English,,GDELT Doc API,2026-05-08T12:29:16+00:00
SIEMENS HEALTHINEERS,European shares fall as investors mull Middle East peace prospects,https://www.irishtimes.com/business/2026/05/07/european-shares-fall-as-investors-mull-middle-east-peace-prospects/,,20260507T200000Z,English,,GDELT Doc API,2026-05-08T12:29:16+00:00
SIEMENS HEALTHINEERS,DAX Slips As Markets Wait For Clarity On U . S .- Iran Peace Deal,https://www.finanznachrichten.de/nachrichten-2026-05/68425198-dax-slips-as-markets-wait-for-clarity-on-u-s-iran-peace-deal-020.htm,,20260507T114500Z,English,,GDELT Doc API,2026-05-08T12:29:16+00:00
MERCK,半导体电子材料企业科利德启动上市辅导,https://www.stcn.com/article/detail/3899597.html,,20260508T034500Z,Chinese,,GDELT Doc API,2026-05-08T12:29:29+00:00
MERCK,MilliporeSigma Becomes Sole Testing Provider for Genetix Biotherapeutic FDA - Approved Gene Therapies,https://www.manilatimes.net/2026/05/07/tmt-newswire/globenewswire/milliporesigma-becomes-sole-testing-provider-for-genetix-biotherapeutics-fda-approved-gene-therapies/2338379,,20260507T124500Z,English,,GDELT Doc API,2026-05-08T12:29:29+00:00
MERCK,Merck Becomes Sole Testing Provider for Genetix Biotherapeutic FDA - Approved Gene Therapies,https://www.manilatimes.net/2026/05/07/tmt-newswire/globenewswire/merck-becomes-sole-testing-provider-for-genetix-biotherapeutics-fda-approved-gene-therapies/2338377,,20260507T124500Z,English,,GDELT Doc API,2026-05-08T12:29:29+00:00
SYMRISE,"Cosmetic Preservative Market Evaluation , Competition Tracking and Regional Analysis | Ashland Global Holdings Inc , BASF SE",https://eturbonews.com/cosmetic-preservative-market-evaluation-competition-tracking-and-regional-analysis-ashland-global-holdings-inc-basf-se/,,20260508T014500Z,English,,GDELT Doc API,2026-05-08T12:29:58+00:00
SYMRISE,Uncertainty About Middle East Conflict May Lead To Choppy Trading On Wall Street,https://www.rttnews.com/story.aspx?Id=3646792,,20260504T164500Z,English,,GDELT Doc API,2026-05-08T12:29:58+00:00
SYMRISE,"German Stocks Recover After Weak Start , Modestly Higher At Noon",https://www.finanznachrichten.de/nachrichten-2026-04/68357437-german-stocks-recover-after-weak-start-modestly-higher-at-noon-020.htm,,20260430T104500Z,English,,GDELT Doc API,2026-05-08T12:29:58+00:00
FRESENIUS MEDICAL CARE,DAX Slips As Markets Wait For Clarity On U . S .- Iran Peace Deal,https://www.finanznachrichten.de/nachrichten-2026-05/68425198-dax-slips-as-markets-wait-for-clarity-on-u-s-iran-peace-deal-020.htm,,20260507T114500Z,English,,GDELT Doc API,2026-05-08T12:30:21+00:00
FRESENIUS MEDICAL CARE,Western Markets Wrap,https://www.indiainfoline.com/news/international/western-markets-wrap,,20260506T133000Z,English,,GDELT Doc API,2026-05-08T12:30:21+00:00
FRESENIUS MEDICAL CARE,"DAX Rises Sharply On Earnings , U . S .- Iran Peace Deal Hopes",https://www.finanznachrichten.de/nachrichten-2026-05/68408551-dax-rises-sharply-on-earnings-u-s-iran-peace-deal-hopes-020.htm,,20260506T094500Z,English,,GDELT Doc API,2026-05-08T12:30:21+00:00
QIAGEN,QIAGEN Announces Details for Completion of Synthetic Share Repurchase of up to Approximately $500 Million - Quantisnow,https://news.google.com/rss/articles/CBMi1gFBVV95cUxOU1BsRnlCZm5oOGktMzVIblNUcFdfWFNUNUVXMThZOTlOTFlxUXhjUWxQN1czRUliMm1mTWZMM3BqaWpMekJGdXQ0YnQwS0QtZ1U1TlgwVEI2blh0RVZ2VWRoUkwxWGtSMVlhVFRtN1lXbVdxYUtDOGdreHRwcG5RZ1dkc1FDN2pLZFNjc1o5TGNfZm5QdHlsamxJcWc4cE05RmJqMnZ0X2VrbGdxWmtIcjBiTGhkREFPcTZKYjdVNlB2bnVMT3VhY3lfZ3Z1ZUNFMk9DVk9B?oc=5,Quantisnow,"Wed, 06 May 2026 10:31:48 GMT",en,"<a href=""https://news.google.com/rss/articles/CBMi1gFBVV95cUxOU1BsRnlCZm5oOGktMzVIblNUcFdfWFNUNUVXMThZOTlOTFlxUXhjUWxQN1czRUliMm1mTWZMM3BqaWpMekJGdXQ0YnQwS0QtZ1U1TlgwVEI2blh0RVZ2VWRoUkwxWGtSMVlhVFRtN1lXbVdxYUtDOGdreHRwcG5RZ1dkc1FDN2pLZFNjc1o5TGNfZm5QdHlsamxJcWc4cE05RmJqMnZ0X2VrbGdxWmtIcjBiTGhkREFPcTZKYjdVNlB2bnVMT3VhY3lfZ3Z1ZUNFMk9DVk9B?oc=5"" target=""_blank"">QIAGEN Announces Details for Completion of Synthetic Share Repurchase of up to Approximately $500 Million</a>&nbsp;&nbsp;<font color=""#6f6f6f"">Quantisnow</font>",Google News RSS,2026-05-08T12:30:44+00:00
QIAGEN,Takeover rumours at Qiagen fuel share price surge - European Biotechnology Magazine,https://news.google.com/rss/articles/CBMingFBVV95cUxNZlZJR3pRV0g3SDd2LVB5dlNURlpFcWNzU3EwX1RkcVc3WS1pQkprNFkwcW1sNEhOSkZCeG94Z3VkWTZiX09lQ2ZRZU4yanJQSFAwaUZvZlRaR3NielloSnBRM1RhaEJPYVFHcjh0aENEU1NQWThFNVozMVZjT2pXSXpRcnFzaEFyVGN5dFVSdE1DUkFKR2phdkdqMHQ0QQ?oc=5,European Biotechnology Magazine,"Wed, 21 Jan 2026 08:00:00 GMT",en,"<a href=""https://news.google.com/rss/articles/CBMingFBVV95cUxNZlZJR3pRV0g3SDd2LVB5dlNURlpFcWNzU3EwX1RkcVc3WS1pQkprNFkwcW1sNEhOSkZCeG94Z3VkWTZiX09lQ2ZRZU4yanJQSFAwaUZvZlRaR3NielloSnBRM1RhaEJPYVFHcjh0aENEU1NQWThFNVozMVZjT2pXSXpRcnFzaEFyVGN5dFVSdE1DUkFKR2phdkdqMHQ0QQ?oc=5"" target=""_blank"">Takeover rumours at Qiagen fuel share price surge</a>&nbsp;&nbsp;<font color=""#6f6f6f"">European Biotechnology Magazine</font>",Google News RSS,2026-05-08T12:30:44+00:00
QIAGEN,"Qiagen weighing strategic options amid fresh takeover interest, Bloomberg reports - Reuters",https://news.google.com/rss/articles/CBMi5wFBVV95cUxORTYwTnBNYWJBbGw3ajdQN0cxVWZUU0xDT0ptWTB2WVgybHlkV2l1XzZHeTlnN3l1OVFEZGZlOHRQYXhPdmNrZGN6THFNMDNwVGpuMVBSb2NGb3NJbEI4b2UxZXM4dnRBdWpzZWZfeTJnR0JZdWhWVURLNmpfcEM3OGNaSXZVM0cyM0g4Y3RXa2ZEWTgwU3NtRjFSSEp5dlF4dENVTTNTN1BDcVlfRko5SU9xYVQ3bUNJNXZwOVh4ZUNZV1ZMTXRqVzdiRngxZVg3dldpSUxmUjRGNVlHV3M5b2gyN2JRNmM?oc=5,Reuters,"Tue, 20 Jan 2026 08:00:00 GMT",en,"<a href=""https://news.google.com/rss/articles/CBMi5wFBVV95cUxORTYwTnBNYWJBbGw3ajdQN0cxVWZUU0xDT0ptWTB2WVgybHlkV2l1XzZHeTlnN3l1OVFEZGZlOHRQYXhPdmNrZGN6THFNMDNwVGpuMVBSb2NGb3NJbEI4b2UxZXM4dnRBdWpzZWZfeTJnR0JZdWhWVURLNmpfcEM3OGNaSXZVM0cyM0g4Y3RXa2ZEWTgwU3NtRjFSSEp5dlF4dENVTTNTN1BDcVlfRko5SU9xYVQ3bUNJNXZwOVh4ZUNZV1ZMTXRqVzdiRngxZVg3dldpSUxmUjRGNVlHV3M5b2gyN2JRNmM?oc=5"" target=""_blank"">Qiagen weighing strategic options amid fresh takeover interest, Bloomberg reports</a>&nbsp;&nbsp;<font color=""#6f6f6f"">Reuters</font>",Google News RSS,2026-05-08T12:30:44+00:00
BEIERSDORF,Beiersdorf eyes possible price hikes as Middle East crisis hits local sales - Reuters,https://news.google.com/rss/articles/CBMirgFBVV95cUxQTXhRcFVzTks1eDNtbmE0c09WWk9uLVd2WDBrZUg4cFVsU3JyMHdTQmpINVlmbG83d0NsTDlxdjB1M2daTldfY0pBSzN1eG1nbVNTS21zclNjd1AyakN1MV9XQ1oyc1pxemp1blZwejNnb2tyVEU1Wm9EMjFZM251bE5qX0dHZzhhcHJRWElqRW53N1ZmNHlmck9hcW53RU9QbVpoVzFRVy1CZ00ybFE?oc=5,Reuters,"Tue, 21 Apr 2026 07:00:00 GMT",en,"<a href=""https://news.google.com/rss/articles/CBMirgFBVV95cUxQTXhRcFVzTks1eDNtbmE0c09WWk9uLVd2WDBrZUg4cFVsU3JyMHdTQmpINVlmbG83d0NsTDlxdjB1M2daTldfY0pBSzN1eG1nbVNTS21zclNjd1AyakN1MV9XQ1oyc1pxemp1blZwejNnb2tyVEU1Wm9EMjFZM251bE5qX0dHZzhhcHJRWElqRW53N1ZmNHlmck9hcW53RU9QbVpoVzFRVy1CZ00ybFE?oc=5"" target=""_blank"">Beiersdorf eyes possible price hikes as Middle East crisis hits local sales</a>&nbsp;&nbsp;<font color=""#6f6f6f"">Reuters</font>",Google News RSS,2026-05-08T12:30:54+00:00
BEIERSDORF,"Sales of Beiersdorf AG worldwide from 2003 to 2024, by business segment - Statista",https://news.google.com/rss/articles/CBMinAFBVV95cUxPalp1dnlKa0xpRXJvWVZPRjdrRl9wNy1la0JlVk9ZcGZnSjIwczFkd05MOUZsclhfVEhxc2ZjazdMQ0hoNWk4Zy1hd3k3VkM4UGU1QXVxcUU2ekg1S2MxNW9aMHpscU5zNTdyRmZsakxBNlpwcmZlOUtSRTZ3V0tDNDd2Vm1sOFNJMUtqNlJxbGFwTFFpaDh5NnZpUEs?oc=5,Statista,"Tue, 03 Mar 2026 08:00:00 GMT",en,"<a href=""https://news.google.com/rss/articles/CBMinAFBVV95cUxPalp1dnlKa0xpRXJvWVZPRjdrRl9wNy1la0JlVk9ZcGZnSjIwczFkd05MOUZsclhfVEhxc2ZjazdMQ0hoNWk4Zy1hd3k3VkM4UGU1QXVxcUU2ekg1S2MxNW9aMHpscU5zNTdyRmZsakxBNlpwcmZlOUtSRTZ3V0tDNDd2Vm1sOFNJMUtqNlJxbGFwTFFpaDh5NnZpUEs?oc=5"" target=""_blank"">Sales of Beiersdorf AG worldwide from 2003 to 2024, by business segment</a>&nbsp;&nbsp;<font color=""#6f6f6f"">Statista</font>",Google News RSS,2026-05-08T12:30:54+00:00
BEIERSDORF,Beiersdorf launches first NIVEA Creme line extension in Germany - Global Cosmetics News,https://news.google.com/rss/articles/CBMiogFBVV95cUxQWngwWVRsZ0VxY1NyVXB1N2dDZTE5cVQyY04zVXJmLVpqc2ZRakI5MjQwOWYweEpiVkJFZEpSSG5mWEJDTWJIRDJYdnF6bFJJMnJBWUV1RXJhbjkwRkw5b1BWZkVaX1FwQ29vX3NRcU82WXVrcjB2d0s2enlCQVphcHV6UUdlcXhfWURwYWdYV3JLekYwbXJIWk1tbVBlSkpCQ2c?oc=5,Global Cosmetics News,"Thu, 08 Jan 2026 08:00:00 GMT",en,"<a href=""https://news.google.com/rss/articles/CBMiogFBVV95cUxQWngwWVRsZ0VxY1NyVXB1N2dDZTE5cVQyY04zVXJmLVpqc2ZRakI5MjQwOWYweEpiVkJFZEpSSG5mWEJDTWJIRDJYdnF6bFJJMnJBWUV1RXJhbjkwRkw5b1BWZkVaX1FwQ29vX3NRcU82WXVrcjB2d0s2enlCQVphcHV6UUdlcXhfWURwYWdYV3JLekYwbXJIWk1tbVBlSkpCQ2c?oc=5"" target=""_blank"">Beiersdorf launches first NIVEA Creme line extension in Germany</a>&nbsp;&nbsp;<font color=""#6f6f6f"">Global Cosmetics News</font>",Google News RSS,2026-05-08T12:30:54+00:00
CONTINENTAL,"El Rayo , de Segunda  B  a deslumbrar a Europa en menos de 20 años",https://www.europapress.es/deportes/futbol-00162/noticia-rayo-segunda-deslumbrar-europa-menos-20-anos-20260508120906.html,,20260508T110000Z,Spanish,,GDELT Doc API,2026-05-08T12:31:06+00:00
CONTINENTAL,"Ліга чемпіонів , Ліга Європи та Ліга конференцій - повний розклад фіналів 2026",https://www.rbc.ua/rus/entertainment/shahtarya-ale-iz-zabarnim-hto-viyshov-finali-1778221922.html,,20260508T080000Z,Ukrainian,,GDELT Doc API,2026-05-08T12:31:06+00:00
CONTINENTAL,La bandiera della pace non è bandiera bianca,https://www.italiaoggi.it/economia-e-politica/commenti/la-bandiera-della-pace-non-e-bandiera-bianca-lwtbbmad,,20260508T073000Z,Italian,,GDELT Doc API,2026-05-08T12:31:06+00:00
BRENNTAG,Brenntag acquisition strengthens North American presence - Rubber News,https://news.google.com/rss/articles/CBMiywFBVV95cUxPMGs5WVU2Y045RlgwWXRBclllNkREMnlvYjRjb09HVDBSVmRKVlE0OUR1bkZ0M1g2YnJrNG1tSWpKU0hFNUJJeE9CdFNVdG41LUdvamEybzFFUks0WUs4c0IwSzJpTzVfM3N6cTdjMlZWeVY1cVQtenl6UEJqRnpXRHlqVEh5ckk3YVI0WlJOWXNGcE5lWjZIQUxpMzlJMVh0dWtidmlzSDVsaTFNeXJ1WVB5MnJxRHFhSWVsc21OYzd0b01IdGpoOVZuRQ?oc=5,Rubber News,"Wed, 26 Nov 2025 08:00:00 GMT",en,"<a href=""https://news.google.com/rss/articles/CBMiywFBVV95cUxPMGs5WVU2Y045RlgwWXRBclllNkREMnlvYjRjb09HVDBSVmRKVlE0OUR1bkZ0M1g2YnJrNG1tSWpKU0hFNUJJeE9CdFNVdG41LUdvamEybzFFUks0WUs4c0IwSzJpTzVfM3N6cTdjMlZWeVY1cVQtenl6UEJqRnpXRHlqVEh5ckk3YVI0WlJOWXNGcE5lWjZIQUxpMzlJMVh0dWtidmlzSDVsaTFNeXJ1WVB5MnJxRHFhSWVsc21OYzd0b01IdGpoOVZuRQ?oc=5"" target=""_blank"">Brenntag acquisition strengthens North American presence</a>&nbsp;&nbsp;<font color=""#6f6f6f"">Rubber News</font>",Google News RSS,2026-05-08T12:31:29+00:00
BRENNTAG,Brenntag CEO says job cut plans involve functions both in Germany and in most other countries - press call - marketscreener.com,https://news.google.com/rss/articles/CBMi5gFBVV95cUxNcURhdzEzRDMydHNkejJ6dzgyRXlfa0FUcmlsZVhQd3ptT2xuTVRhMmtnOGRKTmgwTmxlRmJxU2tJenJOMGxXUkI1U1RhTGdKOXF2bndfcm1FazRzaHoyOUkwbDNiSXR3OTEyUUoyMGx5U0gyU0g2eV90VGx6dzBNVzZ0U0FvbUtSeGh3cUNWYmpzaFRfYWpkalE1NW5CMkVHRmUwTmdUQUh4YU1GX0duVEFTbE56SzgzR25OV1V6b29MWHFuZ0R3clJDWEZ5dmNySnhtdWZyTzBWNW43S05La0JxMFlSQQ?oc=5,marketscreener.com,"Wed, 12 Nov 2025 08:00:00 GMT",en,"<a href=""https://news.google.com/rss/articles/CBMi5gFBVV95cUxNcURhdzEzRDMydHNkejJ6dzgyRXlfa0FUcmlsZVhQd3ptT2xuTVRhMmtnOGRKTmgwTmxlRmJxU2tJenJOMGxXUkI1U1RhTGdKOXF2bndfcm1FazRzaHoyOUkwbDNiSXR3OTEyUUoyMGx5U0gyU0g2eV90VGx6dzBNVzZ0U0FvbUtSeGh3cUNWYmpzaFRfYWpkalE1NW5CMkVHRmUwTmdUQUh4YU1GX0duVEFTbE56SzgzR25OV1V6b29MWHFuZ0R3clJDWEZ5dmNySnhtdWZyTzBWNW43S05La0JxMFlSQQ?oc=5"" target=""_blank"">Brenntag CEO says job cut plans involve functions both in Germany and in most other countries - press call</a>&nbsp;&nbsp;<font color=""#6f6f6f"">marketscreener.com</font>",Google News RSS,2026-05-08T12:31:29+00:00
BRENNTAG,Brenntag's Support for Infrastructure Fund Amidst Competition - Global Banking & Finance Review,https://news.google.com/rss/articles/CBMidEFVX3lxTE9iaEJWTWhRRDMweFlfalJvd2NQVVIxZ0RQNHRVZkRCdndtVHdvQ0RLaVlQdThCTU1RTkF4Z2dFcHdiM2RnbFphN190VzFpRjZMOENpRmZ4dVRRNGJ5ZUdENXFjMHQxa0g0QXU0QnhuWUgzWXFR?oc=5,Global Banking & Finance Review,"Wed, 12 Nov 2025 08:00:00 GMT",en,"<a href=""https://news.google.com/rss/articles/CBMidEFVX3lxTE9iaEJWTWhRRDMweFlfalJvd2NQVVIxZ0RQNHRVZkRCdndtVHdvQ0RLaVlQdThCTU1RTkF4Z2dFcHdiM2RnbFphN190VzFpRjZMOENpRmZ4dVRRNGJ5ZUdENXFjMHQxa0g0QXU0QnhuWUgzWXFR?oc=5"" target=""_blank"">Brenntag's Support for Infrastructure Fund Amidst Competition</a>&nbsp;&nbsp;<font color=""#6f6f6f"">Global Banking & Finance Review</font>",Google News RSS,2026-05-08T12:31:29+00:00
ZALANDO,"Zalando and DFB kick off a five-year partnership, uniting fashion, lifestyle, and football - Zalando",https://news.google.com/rss/articles/CBMivwFBVV95cUxPTjFPS1NySnVJRW5ZT3dMWV9ESG1LdmktZ2sxcVpWdDlyenk3bDNzQ0JrdWpROFNjM1lWSTJxdl8tekR1RmNKbUpma1BTTG01QjJIdVdEZXhlVWdxdkRQcEVYRDhEVVF6dXEzVDZOUWZta0V5cHNCcHVFcTlSYkxjb0c3THI2S3hNT0VtU05VYnNxN1NkUUpCWkxfRE9RczJTM2x4eVlzWkhFd0ZZcW1nWDFpM0hGZ2dCTUp4RzFsUQ?oc=5,Zalando,"Thu, 06 Nov 2025 08:00:00 GMT",en,"<a href=""https://news.google.com/rss/articles/CBMivwFBVV95cUxPTjFPS1NySnVJRW5ZT3dMWV9ESG1LdmktZ2sxcVpWdDlyenk3bDNzQ0JrdWpROFNjM1lWSTJxdl8tekR1RmNKbUpma1BTTG01QjJIdVdEZXhlVWdxdkRQcEVYRDhEVVF6dXEzVDZOUWZta0V5cHNCcHVFcTlSYkxjb0c3THI2S3hNT0VtU05VYnNxN1NkUUpCWkxfRE9RczJTM2x4eVlzWkhFd0ZZcW1nWDFpM0hGZ2dCTUp4RzFsUQ?oc=5"" target=""_blank"">Zalando and DFB kick off a five-year partnership, uniting fashion, lifestyle, and football</a>&nbsp;&nbsp;<font color=""#6f6f6f"">Zalando</font>",Google News RSS,2026-05-08T12:31:39+00:00
ZALANDO,Social media traffic referrers to zalando.de 2023 - Statista,https://news.google.com/rss/articles/CBMimgFBVV95cUxQSGRnZDV3YWRHb3hlNlJUVy1pUVVxNnRzT3BWa2ZXMmo4Z0FROS1GLXlpa3ZWNE5CanhOVE5yYVJUbFJLMHQxZU9SOHlqWjhzbjdhdVhoMGZJWUVUV3F0eWdnTjVTSWdReTBmQXFoQjJHVXpNR0dQanJPekEyZHNwWWdGMFBBRXdTbkNCOGlfR0wwYS1UTS1ic3R3?oc=5,Statista,"Fri, 28 Nov 2025 08:00:00 GMT",en,"<a href=""https://news.google.com/rss/articles/CBMimgFBVV95cUxQSGRnZDV3YWRHb3hlNlJUVy1pUVVxNnRzT3BWa2ZXMmo4Z0FROS1GLXlpa3ZWNE5CanhOVE5yYVJUbFJLMHQxZU9SOHlqWjhzbjdhdVhoMGZJWUVUV3F0eWdnTjVTSWdReTBmQXFoQjJHVXpNR0dQanJPekEyZHNwWWdGMFBBRXdTbkNCOGlfR0wwYS1UTS1ic3R3?oc=5"" target=""_blank"">Social media traffic referrers to zalando.de 2023</a>&nbsp;&nbsp;<font color=""#6f6f6f"">Statista</font>",Google News RSS,2026-05-08T12:31:39+00:00
ZALANDO,"Zalando to Close German Fulfillment Center, Putting 2,700 Jobs at Risk - WSJ",https://news.google.com/rss/articles/CBMitAFBVV95cUxOOElvdGhxc2liUVVOQ0F4ZzFUUWxEaE5uellRdGxCdDRhV1N2Zzk3c0p6cEtlWnI3eFRzTmYteXlpQTRIcVJrcGZPc0F4LW1sX0hRZlRYNWRlQ184ajlhMll6ZENEY1IxM3ZvekNDSGswbUJkOUlBTkZTV1NiUFpybjRlRF8zUkhmQ2cxSWtFbl9od2I2QU8ycnc2cnRlRHpQQV9DOVdQcHUwbDVoam02STBqNXI?oc=5,WSJ,"Thu, 08 Jan 2026 08:00:00 GMT",en,"<a href=""https://news.google.com/rss/articles/CBMitAFBVV95cUxOOElvdGhxc2liUVVOQ0F4ZzFUUWxEaE5uellRdGxCdDRhV1N2Zzk3c0p6cEtlWnI3eFRzTmYteXlpQTRIcVJrcGZPc0F4LW1sX0hRZlRYNWRlQ184ajlhMll6ZENEY1IxM3ZvekNDSGswbUJkOUlBTkZTV1NiUFpybjRlRF8zUkhmQ2cxSWtFbl9od2I2QU8ycnc2cnRlRHpQQV9DOVdQcHUwbDVoam02STBqNXI?oc=5"" target=""_blank"">Zalando to Close German Fulfillment Center, Putting 2,700 Jobs at Risk</a>&nbsp;&nbsp;<font color=""#6f6f6f"">WSJ</font>",Google News RSS,2026-05-08T12:31:39+00:00
SCOUT24,Scout24 Q1 2026: Revenues Up 13.9% As Spanish Acquisitions Absorbed - onlinemarketplaces.com,https://news.google.com/rss/articles/CBMirwFBVV95cUxNQzQ2R0E2RG5Qem1ZeEtuUVN0T25ZSEVVbmFHTVhlOGwxYmVIRXk4b0hZSWtiSUZoOTc1cHZiYUs3TGE4VDMtaE5GbnlrYmRpVlEtUi1rNjVpRnEzSURON01NYnhTaVRIWHZ5c3JaNEZCWVltUXQ2NUVfRm1PZzRQX2NCaHU0SEJucWRsWTNkUjFMMVJhTzFhaVVIaVdYb1JHYXZUZWdTNGdjeGhxVDBZ?oc=5,onlinemarketplaces.com,"Wed, 29 Apr 2026 12:02:33 GMT",en,"<a href=""https://news.google.com/rss/articles/CBMirwFBVV95cUxNQzQ2R0E2RG5Qem1ZeEtuUVN0T25ZSEVVbmFHTVhlOGwxYmVIRXk4b0hZSWtiSUZoOTc1cHZiYUs3TGE4VDMtaE5GbnlrYmRpVlEtUi1rNjVpRnEzSURON01NYnhTaVRIWHZ5c3JaNEZCWVltUXQ2NUVfRm1PZzRQX2NCaHU0SEJucWRsWTNkUjFMMVJhTzFhaVVIaVdYb1JHYXZUZWdTNGdjeGhxVDBZ?oc=5"" target=""_blank"">Scout24 Q1 2026: Revenues Up 13.9% As Spanish Acquisitions Absorbed</a>&nbsp;&nbsp;<font color=""#6f6f6f"">onlinemarketplaces.com</font>",Google News RSS,2026-05-08T12:32:05+00:00
SCOUT24,Scout24 SE Stock (DE000A12DM80): Upsizes Share Buyback to EUR 350M in 2026 - AD HOC NEWS,https://news.google.com/rss/articles/CBMiygFBVV95cUxQZ1hfODB3dU1LeWt0ck9NdlUtN3pteFRBTTJGalM3S1lFelpMU2FySkRRZ0diemlpRUhzZnoxMXlHM3FvNk80bl9sLWItRWJrZEhmN3JIT2owLTVqLTlXRDR6NDBWbWFnRkQwc1Z1cHJ2b0xJQk91SXA1UkRMeEMwSlRheTR0M3B4OTBJUjdZaV9jajRaQUJzR3FFN3dpVWh5V0dtSHUtQTBTcTNUbVJEUzRLU3VxclNBaFNKSUY3X3FXbUY2UzkwSTRB?oc=5,AD HOC NEWS,"Tue, 05 May 2026 13:37:14 GMT",en,"<a href=""https://news.google.com/rss/articles/CBMiygFBVV95cUxQZ1hfODB3dU1LeWt0ck9NdlUtN3pteFRBTTJGalM3S1lFelpMU2FySkRRZ0diemlpRUhzZnoxMXlHM3FvNk80bl9sLWItRWJrZEhmN3JIT2owLTVqLTlXRDR6NDBWbWFnRkQwc1Z1cHJ2b0xJQk91SXA1UkRMeEMwSlRheTR0M3B4OTBJUjdZaV9jajRaQUJzR3FFN3dpVWh5V0dtSHUtQTBTcTNUbVJEUzRLU3VxclNBaFNKSUY3X3FXbUY2UzkwSTRB?oc=5"" target=""_blank"">Scout24 SE Stock (DE000A12DM80): Upsizes Share Buyback to EUR 350M in 2026</a>&nbsp;&nbsp;<font color=""#6f6f6f"">AD HOC NEWS</font>",Google News RSS,2026-05-08T12:32:05+00:00
SCOUT24,Scout24 SE to join DAX Index - TradingView,https://news.google.com/rss/articles/CBMiigFBVV95cUxPbEpUUGIwaGZ1UUxpdWpYUzZWWXdZbTZLOXEyUmhkeG94TXZRRjZqU2N0bkhoaWpTSGZLUHhldk5iMmZiZnlIQjF5d0dmWkg5RXNUblNhdzMxTEs2c0tkNWtCU1ZURHVLZk45M21VR0gxaWk2cWIzcUNxak1rWEd2cEFPZmhjVzZRS0E?oc=5,TradingView,"Wed, 03 Sep 2025 07:00:00 GMT",en,"<a href=""https://news.google.com/rss/articles/CBMiigFBVV95cUxPbEpUUGIwaGZ1UUxpdWpYUzZWWXdZbTZLOXEyUmhkeG94TXZRRjZqU2N0bkhoaWpTSGZLUHhldk5iMmZiZnlIQjF5d0dmWkg5RXNUblNhdzMxTEs2c0tkNWtCU1ZURHVLZk45M21VR0gxaWk2cWIzcUNxak1rWEd2cEFPZmhjVzZRS0E?oc=5"" target=""_blank"">Scout24 SE to join DAX Index</a>&nbsp;&nbsp;<font color=""#6f6f6f"">TradingView</font>",Google News RSS,2026-05-08T12:32:05+00:00
